cusip,security_name,state,principal_amount,coupon_pct,maturity_date,dated_date,closing_date,interest_rate_current,rate_type,source_of_repayment,rating_fitch,rating_kbra,rating_moodys,rating_sp,liquidity_facility,provider_identity,remarketing_agent,num_trades,num_rate_resets,num_disclosures,emma_url,crawl_timestamp
AAB4AB7DB419BB830DCC3293F13AAD8D6,THE INDUSTRIAL DEVELOPMENT AUTHORITY OF MOBILE COUNTY / SOLID WASTE DISPOSAL REVENUE BONDS (AM/NS CALVERT LLC PROJECT) SERIES 2024B,AL,480000000,4.75,12/01/2054,12/12/2024,,,,,,,,,,,,0,0,42,https://emma.msrb.org/Security/Details/AAB4AB7DB419BB830DCC3293F13AAD8D6,2026-02-06T20:10:01.023098+00:00
A04EC1B44EE0C69094A245BAB9C9CF3AD,THE INDUSTRIAL DEVELOPMENT AUTHORITY OF BALDWIN COUNTY / COUNTY SOLID WASTE DISPOSAL REVENUE BONDS (NOVELIS CORPORATION PROJECT) SERIES 2025A,AL,400000000,5,06/01/2055,06/17/2025,,,,,,,,,,,,0,0,44,https://emma.msrb.org/Security/Details/A04EC1B44EE0C69094A245BAB9C9CF3AD,2026-02-06T20:10:28.283994+00:00
A611C0D8D1F5A3FBDF3395884CBE3D090,"THE INDUSTRIAL DEVELOPMENT AUTHORITY OF MOBILE COUNTY / SOLID WASTE DISPOSAL REVENUE BONDS (AM/NS CALVERT LLC PROJECT), SERIES 2024A",AL,378000000,5,06/01/2054,06/20/2024,,,,,,,,,,,,0,0,32,https://emma.msrb.org/Security/Details/A611C0D8D1F5A3FBDF3395884CBE3D090,2026-02-06T20:10:40.100456+00:00
AAB4AB7DB419BB830DCC3293F13AAD8D6,THE INDUSTRIAL DEVELOPMENT AUTHORITY OF MOBILE COUNTY / SOLID WASTE DISPOSAL REVENUE BONDS (AM/NS CALVERT LLC PROJECT) SERIES 2024B,AL,480000000,4.75 %,12/01/2054,12/12/2024,12/12/2024,,,,,,,,,,,1,0,18,https://emma.msrb.org/Security/Details/AAB4AB7DB419BB830DCC3293F13AAD8D6,2026-02-06T20:16:38.824132+00:00
A04EC1B44EE0C69094A245BAB9C9CF3AD,THE INDUSTRIAL DEVELOPMENT AUTHORITY OF BALDWIN COUNTY / COUNTY SOLID WASTE DISPOSAL REVENUE BONDS (NOVELIS CORPORATION PROJECT) SERIES 2025A,AL,400000000,5 %,06/01/2055,06/17/2025,06/17/2025,,,,,,,,,,,1,0,21,https://emma.msrb.org/Security/Details/A04EC1B44EE0C69094A245BAB9C9CF3AD,2026-02-06T20:19:04.166644+00:00
A611C0D8D1F5A3FBDF3395884CBE3D090,"THE INDUSTRIAL DEVELOPMENT AUTHORITY OF MOBILE COUNTY / SOLID WASTE DISPOSAL REVENUE BONDS (AM/NS CALVERT LLC PROJECT), SERIES 2024A",AL,378000000,5 %,06/01/2054,06/20/2024,06/20/2024,,,,,,,,,,,1,0,20,https://emma.msrb.org/Security/Details/A611C0D8D1F5A3FBDF3395884CBE3D090,2026-02-06T20:21:26.239504+00:00
THEINDUST,THE INDUSTRIAL DEVELOPMENT AUTHORITY OF MOBILE COUNTY / SOLID WASTE DISPOSAL REVENUE BONDS (AM/NS CALVERT LLC PROJECT) SERIES 2024B,AL,480000000,4.75 %,12/01/2054,12/12/2024,12/12/2024,,,,,,,,,,,0,0,13,https://emma.msrb.org/Security/Details/AAB4AB7DB419BB830DCC3293F13AAD8D6,2026-02-06T20:44:04.721333+00:00
THEINDUST,THE INDUSTRIAL DEVELOPMENT AUTHORITY OF BALDWIN COUNTY / COUNTY SOLID WASTE DISPOSAL REVENUE BONDS (NOVELIS CORPORATION PROJECT) SERIES 2025A,AL,400000000,5 %,06/01/2055,06/17/2025,06/17/2025,,,,,,,,,,,0,0,15,https://emma.msrb.org/Security/Details/A04EC1B44EE0C69094A245BAB9C9CF3AD,2026-02-06T20:44:31.222154+00:00
THEINDUST,"THE INDUSTRIAL DEVELOPMENT AUTHORITY OF MOBILE COUNTY / SOLID WASTE DISPOSAL REVENUE BONDS (AM/NS CALVERT LLC PROJECT), SERIES 2024A",AL,378000000,5 %,06/01/2054,06/20/2024,06/20/2024,,,,,,,,,,,0,0,15,https://emma.msrb.org/Security/Details/A611C0D8D1F5A3FBDF3395884CBE3D090,2026-02-06T20:44:56.966948+00:00
AAB4AB7DB419BB830DCC3293F13AAD8D6,SOLID WASTE DISPOSAL REVENUE BONDS (AM/NS CALVERT LLC PROJECT) SERIES 2024B,AL,480000000,4.75 %,12/01/2054,12/12/2024,12/12/2024,,,,,,,,,,,0,0,13,https://emma.msrb.org/Security/Details/AAB4AB7DB419BB830DCC3293F13AAD8D6,2026-02-06T20:52:26.198045+00:00
A04EC1B44EE0C69094A245BAB9C9CF3AD,SOLID WASTE DISPOSAL REVENUE BONDS (AM/NS CALVERT LLC PROJECT) SERIES 2024C,AL,400000000,5 %,06/01/2055,06/17/2025,06/17/2025,,,,,,,,,,,0,0,15,https://emma.msrb.org/Security/Details/A04EC1B44EE0C69094A245BAB9C9CF3AD,2026-02-06T20:52:53.546184+00:00
A611C0D8D1F5A3FBDF3395884CBE3D090,"SOLID WASTE DISPOSAL REVENUE BONDS (AM/NS CALVERT LLC PROJECT), SERIES 2024A",AL,378000000,5 %,06/01/2054,06/20/2024,06/20/2024,,,,,,,,,,,0,0,15,https://emma.msrb.org/Security/Details/A611C0D8D1F5A3FBDF3395884CBE3D090,2026-02-06T20:53:17.959395+00:00
AAB4AB7DB419BB830DCC3293F13AAD8D6,SOLID WASTE DISPOSAL REVENUE BONDS (AM/NS CALVERT LLC PROJECT) SERIES 2024B,AL,480000000,4.75 %,12/01/2054,12/12/2024,12/12/2024,,,,,,,,,,,0,0,13,https://emma.msrb.org/Security/Details/AAB4AB7DB419BB830DCC3293F13AAD8D6,2026-02-06T20:58:52.000131+00:00
AAB4AB7DB419BB830DCC3293F13AAD8D6,SOLID WASTE DISPOSAL REVENUE BONDS (AM/NS CALVERT LLC PROJECT) SERIES 2024B,AL,480000000,4.75 %,12/01/2054,12/12/2024,12/12/2024,,,,,,,,,,,100,0,13,https://emma.msrb.org/Security/Details/AAB4AB7DB419BB830DCC3293F13AAD8D6,2026-02-06T21:04:21.913667+00:00
A04EC1B44EE0C69094A245BAB9C9CF3AD,THE INDUSTRIAL DEVELOPMENT AUTHORITY OF BALDWIN COUNTY / COUNTY SOLID WASTE DISPOSAL REVENUE BONDS (NOVELIS CORPORATION PROJECT) SERIES 2025A,AL,400000000,5 %,06/01/2055,06/17/2025,06/17/2025,,,,,,,,,,,84,0,15,https://emma.msrb.org/Security/Details/A04EC1B44EE0C69094A245BAB9C9CF3AD,2026-02-06T23:31:12.856089+00:00
A611C0D8D1F5A3FBDF3395884CBE3D090,"THE INDUSTRIAL DEVELOPMENT AUTHORITY OF MOBILE COUNTY / SOLID WASTE DISPOSAL REVENUE BONDS (AM/NS CALVERT LLC PROJECT), SERIES 2024A",AL,378000000,5 %,06/01/2054,06/20/2024,06/20/2024,,,,,,,,,,,100,0,15,https://emma.msrb.org/Security/Details/A611C0D8D1F5A3FBDF3395884CBE3D090,2026-02-06T23:31:40.348445+00:00
A3B71CD000E1A7B3F582FA1242748F6FE,"THE CUMBERLAND COUNTY INDUSTRIAL FACILITIES AND POLLUTION CONTROL FINANCING AUTHORITY / SOLID WASTE DISPOSAL REVENUE BONDS (PROJECT AERO), SERIES 2024",NC,250000000,3.125 %,12/01/2027,12/12/2024,11/03/2025,,,,,,,,,,,29,0,2,https://emma.msrb.org/Security/Details/A3B71CD000E1A7B3F582FA1242748F6FE,2026-02-06T23:32:09.988790+00:00
A2845E2E2110CD7554EE4E6CC3E494862,FLORIDA DEVELOPMENT FINANCE CORPORATION / SOLID WASTE DISPOSAL REVENUE BONDS (GFL SOLID WASTE SOUTHEAST LLC PROJECT) SERIES 2024A,FL,210000000,4.375 %,10/01/2054,10/08/2024,10/08/2024,,,,,,,,,,,100,0,11,https://emma.msrb.org/Security/Details/A2845E2E2110CD7554EE4E6CC3E494862,2026-02-06T23:32:34.168294+00:00
A2E0CA8F4E0D47393C03F4024808D2CCA,VIRGINIA ELECTRIC AND POWER COMPANY INDUSTRIAL DEVELOPMENT AUTHORITYOF WISE COUNTY / SOLID WASTE AND SEWAGE DISPOSAL REVENUE BONDS (VIRGINIA ELECTRIC AND POWER COMPANY PROJECT) SERIES 2009A (NON-AMT),VA,160000000,3.125 %,10/01/2040,09/30/2009,09/02/2025,,,,,,,,,,,76,0,6,https://emma.msrb.org/Security/Details/A2E0CA8F4E0D47393C03F4024808D2CCA,2026-02-06T23:33:02.398079+00:00
AF2CF5B43514F0614FB24CFA1C6B1F287,"CALIFORNIA MUNICIPAL FINANCE AUTHORITY / SOLID WASTE DISPOSAL REVENUE BONDS (WASTE MANAGEMENT, INC. PROJECT) SERIES 2020B",CA,150000000,3.45 %,10/01/2045,10/01/2020,06/02/2025,,,,,,,,,,,100,0,31,https://emma.msrb.org/Security/Details/AF2CF5B43514F0614FB24CFA1C6B1F287,2026-02-06T23:34:03.554505+00:00
A6B5D2F1E1AD728D9556DF5A5BFF0EF2A,"PENNSYLVANIA ECONOMIC DEVELOPMENT FINANCING AUTHORITY / SOLID WASTE DISPOSAL REVENUE BONDS (WASTE MANAGEMENT, INC. PROJECT) SERIES 2021A-2",PA,150000000,4.6 %,10/01/2046,10/04/2023,10/04/2023,,,,,,,,,,,97,0,23,https://emma.msrb.org/Security/Details/A6B5D2F1E1AD728D9556DF5A5BFF0EF2A,2026-02-06T23:34:50.182784+00:00
A19B1C3001AF661DC625A9D714FF53817,WEST VIRGINIA ECONOMIC DEVELOPMENT AUTHORITY / SOLID WASTE DISPOSAL FACILITIES REVENUE BONDS (COMMERCIAL METALS COMPANY PROJECT) SERIES 2025,WV,150000000,4.625 %,04/15/2055,05/15/2025,05/15/2025,,,,,,,,,,,67,0,3,https://emma.msrb.org/Security/Details/A19B1C3001AF661DC625A9D714FF53817,2026-02-06T23:37:28.550651+00:00
A655550BB8C433500DD198710BA72669D,"CALIFORNIA POLLUTION CONTROL FINANCING AUTHORIT / SOLID WASTE DISPOSAL REFUNDING REVENUE BONDS (REPUBLIC SERVICES, INC. PROJECT) SERIES 2023 (AMT)",CA,144205000,3.8 %,07/01/2043,07/13/2023,07/13/2023,,,,,,,,,,,90,0,23,https://emma.msrb.org/Security/Details/A655550BB8C433500DD198710BA72669D,2026-02-06T23:40:02.853186+00:00
A1F5749C6C2CFB3B574C28DD52735A6BE,THE WALKER COUNTY ECONOMIC AND INDUSTRIAL DEVELOPMENT AUTHORITY / SOLID WASTE DISPOSAL REVENUE BONDS (ALABAMA POWER COMPANY PLANT GORGAS PROJECT) FIRST SERIES 2023-A,AL,140000000,2.95,08/01/2063,08/25/2023,08/25/2023,2.95,,,,,,,,,,100,10,7,https://emma.msrb.org/Security/Details/A1F5749C6C2CFB3B574C28DD52735A6BE,2026-02-06T23:44:08.198884+00:00
AE9575E84344E81A67B8188FBB40FBE45,"PENNSYLVANIA ECONOMIC DEVELOPMENT FINANCING AUTHORITY / SOLID WASTE DISPOSAL REVENUE BONDS (WASTE MANAGEMENT, INC. PROJECT) SERIES 2021A",PA,125000000,4 %,06/01/2041,06/03/2021,07/01/2025,,,,,,,,,,,51,0,34,https://emma.msrb.org/Security/Details/AE9575E84344E81A67B8188FBB40FBE45,2026-02-06T23:44:39.719674+00:00
ADD6DDCF4AAC2C751B98E42248D6A2ABB,"FLORIDA DEVELOPMENT FINANCE CORPORATION / SOLID WASTE DISPOSAL REVENUE BONDS (WASTE PRO USA, INC. PROJECT), SERIES 2023",FL,120000000,6.125 %,07/01/2032,06/22/2023,06/22/2023,,,,,,,,,,,55,0,39,https://emma.msrb.org/Security/Details/ADD6DDCF4AAC2C751B98E42248D6A2ABB,2026-02-06T23:45:15.341952+00:00
A69FA36635588838E0203EA482DA016BB,"PENNSYLVANIA ECONOMIC DEVELOPMENT FINANCING AUTHORITY / SOLID WASTE DISPOSAL REVENUE BONDS, (WASTE MANAGEMENT INC. PROJECT) SERIES 2019A",PA,115000000,3.875 %,08/01/2038,08/15/2019,08/01/2025,,,,,,,,,,,100,0,34,https://emma.msrb.org/Security/Details/A69FA36635588838E0203EA482DA016BB,2026-02-06T23:45:44.394065+00:00
AC941DD234B5CF0EFEA85E940E58048A3,WEST VIRGINIA ECONOMIC DEVELOPMENT AUTHORITY / SOLID WASTE DISPOSAL REVENUE BONDS (NUCOR STEEL PROJECT) SERIES 2025A-1,WV,110000000,2.45,11/01/2065,11/20/2025,11/20/2025,2.45,,,,,,,,,,5,10,4,https://emma.msrb.org/Security/Details/AC941DD234B5CF0EFEA85E940E58048A3,2026-02-06T23:46:20.082584+00:00
A72DB7647F9C05090A016C495802BFF94,WEST VIRGINIA ECONOMIC DEVELOPMENT AUTHORITY / SOLID WASTE DISPOSAL REVENUE BONDS (NUCOR STEEL PROJECT) SERIES 2025B-1,WV,110000000,2.5,11/01/2065,11/20/2025,11/20/2025,2.5,,,,,,,,,,3,10,4,https://emma.msrb.org/Security/Details/A72DB7647F9C05090A016C495802BFF94,2026-02-06T23:46:46.133211+00:00
A24B528CB51AA051C68699C5A35DB5A01,"WEST VIRGINIA ECONOMIC DEVELOPMENT AUTHORITY / SOLID WASTE DISPOSAL FACILITY REVENUE BONDS (CORE NATURAL RESOURCES, INC. PROJECT) SERIES 2025 (AMT)",WV,106355000,5.45 %,01/01/2055,03/27/2025,03/27/2025,,,,,,,,,,,81,0,1,https://emma.msrb.org/Security/Details/A24B528CB51AA051C68699C5A35DB5A01,2026-02-06T23:47:09.996993+00:00
AE3C95BEB364878FE9F7E3752041762B9,"FLORIDA DEVELOPMENT FINANCE CORPORATION / FLORIDA DEVELOPMENT FINANCE CORPORATION SOLID WASTE DISPOSAL REVENUE BONDS (WASTE PRO USA, INC. PROJECT), SERIES 2021",FL,105175000,3 %,06/01/2032,06/08/2021,06/08/2021,,,,,,,,,,,100,0,48,https://emma.msrb.org/Security/Details/AE3C95BEB364878FE9F7E3752041762B9,2026-02-06T23:47:36.120705+00:00
AE93D8A7ECAB98E70971299821B3F28EE,VIRGINIA ELECTRIC AND POWER COMPANY INDUSTRIAL DEVELOPMENT AUTHORITY OF WISE COUNTY / SOLID WASTE AND SEWAGE DISPOSAL REVENUE BONDS (VIRGINIA ELECTRIC AND POWER COMPANY PROJECT) SERIES 2010A (NON-AMT),VA,105000000,3.8 %,11/01/2040,11/16/2010,05/31/2024,,,,,,,,,,,100,0,29,https://emma.msrb.org/Security/Details/AE93D8A7ECAB98E70971299821B3F28EE,2026-02-06T23:48:07.902315+00:00
A67A276E12E6CB392A7F3F7980DF4B4E2,THE INDUSTRIAL DEVELOPMENT AUTHORITY OF BALDWIN COUNTY / SOLID WASTE DISPOSAL REVENUE BONDS (NOVELIS CORPORATION PROJECT) SERIES 2025B,AL,100000000,4.625 %,06/01/2055,09/18/2025,09/18/2025,,,,,,,,,,,27,0,7,https://emma.msrb.org/Security/Details/A67A276E12E6CB392A7F3F7980DF4B4E2,2026-02-06T23:56:03.262677+00:00
AF3207B75495D31A524B5B93B4A511DB9,"CITY OF OSCEOLA, ARKANSAS / SOLID WASTE DISPOSAL REVENUE BONDS (PLUM POINT ENERGY ASSOCIATES, LLC PROJECT), SERIES 2006",AR,100000000,6.5 %,04/01/2036,04/26/2006,03/20/2024,,,,,,,,,,,6,0,14,https://emma.msrb.org/Security/Details/AF3207B75495D31A524B5B93B4A511DB9,2026-02-06T23:56:28.353630+00:00
A14F865F655D5FBC010197040210C826E,"CALIFORNIA MUNICIPAL FINANCE AUTHORITY / SOLID WASTE DISPOSAL REFUNDING REVENUE BONDS (REPUBLIC SERVICES, INC. PROJECT) SERIES 2021A",CA,100000000,3.45 %,07/01/2041,07/01/2021,07/01/2021,,,,,,,,,,,100,0,47,https://emma.msrb.org/Security/Details/A14F865F655D5FBC010197040210C826E,2026-02-06T23:56:52.602657+00:00
A69F35075D7F0CD01E2A3804E451FC883,"CALIFORNIA MUNICIPAL FINANCE AUTHORITY / SOLID WASTE DISPOSAL REVENUE BONDS (REPUBLIC SERVICES, INC. PROJECT) SERIES 2023A",CA,100000000,4.375 %,09/01/2053,09/21/2023,09/21/2023,,,,,,,,,,,98,0,21,https://emma.msrb.org/Security/Details/A69F35075D7F0CD01E2A3804E451FC883,2026-02-07T00:00:46.766102+00:00
A22B346A26AA2FD641AA3A1548B4876C3,"CALIFORNIA MUNICIPAL FINANCE AUTHORITY / SOLID WASTE DISPOSAL REVENUE BONDS (REPUBLIC SERVICES, INC. PROJECT) SERIES 2024A",CA,100000000,3.875 %,03/01/2054,03/21/2024,03/21/2024,,,,,,,,,,,30,0,13,https://emma.msrb.org/Security/Details/A22B346A26AA2FD641AA3A1548B4876C3,2026-02-07T00:04:42.813610+00:00
A0ADB9AE03ADF3CE6C24001A5461DB49D,"CALIFORNIA MUNICIPAL FINANCE AUTHORITY / SOLID WASTE DISPOSAL REVENUE BONDS (WASTE MANAGEMENT, INC. PROJECT) SERIES 2017A",CA,100000000,3.4 %,12/01/2044,12/06/2017,12/01/2025,,,,,,,,,,,100,0,35,https://emma.msrb.org/Security/Details/A0ADB9AE03ADF3CE6C24001A5461DB49D,2026-02-07T00:05:09.543678+00:00
ABE12C3DCA5697877E0831DA917D33C31,"CALIFORNIA MUNICIPAL FINANCE AUTHORITY / SOLID WASTE DISPOSAL REVENUE BONDS (WASTE MANAGEMENT, INC. PROJECT) SERIES 2022A",CA,100000000,3.45 %,10/01/2041,10/12/2022,10/01/2025,,,,,,,,,,,100,0,32,https://emma.msrb.org/Security/Details/ABE12C3DCA5697877E0831DA917D33C31,2026-02-07T00:05:42.363734+00:00
ABF59D37ED37036364143E6ABC07A0508,"DEVELOPMENT AUTHORITY OF BARTOW COUNTY (GEORGIA) / SOLID WASTE DISPOSAL FACILITY REVENUE BONDS (GEORGIA POWER COMPANY PLANT BOWEN PROJECT), FIRST SERIES 2022",GA,100000000,2.95,11/01/2062,11/04/2022,11/04/2022,2.95,,,,,,,,,,100,10,15,https://emma.msrb.org/Security/Details/ABF59D37ED37036364143E6ABC07A0508,2026-02-07T00:08:16.353450+00:00
A35A9174862614D7EF73FFF882176D388,"DEVELOPMENT AUTHORITY OF BARTOW COUNTY (GEORGIA) / SOLID WASTE DISPOSAL FACILITY REVENUE BONDS (GEORGIA POWER COMPANY PLANT BOWEN PROJECT), SECOND SERIES 2022",GA,100000000,3.1,11/01/2062,11/04/2022,11/04/2022,3.1,,,,,,,,,,100,10,17,https://emma.msrb.org/Security/Details/A35A9174862614D7EF73FFF882176D388,2026-02-07T00:08:46.499147+00:00
A90A1474E5228D46E59D547AA8B5CF7F5,IOWA FINANCE AUTHORITY / SOLID WASTE DISPOSAL REVENUE BONDS (CHEVRON U.S.A INC. PROJECT) SERIES 2024,IA,100000000,2.95,08/01/2054,08/22/2024,08/22/2024,2.95,,,,,,,,,,32,10,9,https://emma.msrb.org/Security/Details/A90A1474E5228D46E59D547AA8B5CF7F5,2026-02-07T00:09:16.758225+00:00
ADF8B737B4A4F728D10234DC378F154E9,PENNSYLVANIA ECONOMIC DEV FING AUTH SOLID WASTE DISP REV / BDS WASTE MANAGEMENT INC 2013,PA,100000000,1.12 %,08/01/2045,08/01/2013,-,,,,,,,,,,,0,0,0,https://emma.msrb.org/Security/Details/ADF8B737B4A4F728D10234DC378F154E9,2026-02-07T00:11:41.379471+00:00
A666180FA8F1A7576C0AB40E9C2DC8163,"PENNSYLVANIA ECONOMIC DEVELOPMENT FINANCING AUTHORITY / SOLID WASTE DISPOSAL REVENUE BONDS (NOBLE ENVIRONMENTAL, INC. PROJECT), SERIES 2025",PA,100000000,6.875 %,09/01/2047,09/04/2025,09/04/2025,,,,,,,,,,,32,0,5,https://emma.msrb.org/Security/Details/A666180FA8F1A7576C0AB40E9C2DC8163,2026-02-07T00:12:03.384500+00:00
AC1CA91336EF00111A709443947F04FD8,"PENNSYLVANIA ECONOMIC DEVELOPMENT FINANCING AUTHORITY / SOLID WASTE DISPOSAL REVENUE BONDS (WASTE MANAGEMENT, INC. PROJECT) SERIES 2009",PA,100000000,0.95 %,12/01/2033,12/10/2009,12/01/2021,,,,,,,,,,,100,0,39,https://emma.msrb.org/Security/Details/AC1CA91336EF00111A709443947F04FD8,2026-02-07T00:12:28.747599+00:00
A6A90000433335426BC3FAFCE0EA7D122,"BRAZORIA COUNTY INDUSTRIAL DEVELOPMENT CORPORATION / SOLID WASTE DISPOSAL FACILITIES REVENUE BONDS (ALEON RENEWABLE METALS, LLC PROJECT) ADDITIONAL SERIES 2023",TX,100000000,12 %,06/01/2043,06/15/2023,06/15/2023,,,,,,,,,,,15,0,49,https://emma.msrb.org/Security/Details/A6A90000433335426BC3FAFCE0EA7D122,2026-02-07T00:15:04.041877+00:00
A8B0E7C58D484F66BEFEAA77945EE3E76,MISSION ECONOMIC DEVELOPMENT CORPORATION / SOLID WASTE DISPOSAL REVENUE BONDS (VINTON STEEL LLC PROJECT) SERIES 2025,TX,100000000,2.32,10/01/2035,10/23/2025,10/23/2025,2.32,,,,,,,,,,1,10,2,https://emma.msrb.org/Security/Details/A8B0E7C58D484F66BEFEAA77945EE3E76,2026-02-07T00:15:34.151476+00:00
AB6D2D3F5A38108DBF4CB722D8F3DE0A6,"MISSION ECONOMIC DEVELOPMENT CORPORATION / SOLID WASTE DISPOSAL REVENUE BONDS (GRAPHIC PACKAGING INTERNATIONAL, LLC PROJECT) SERIES 2025 (GREEN BONDS)",TX,98130000,5 %,12/01/2064,05/29/2025,05/29/2025,,,,,,,,,,,41,0,1,https://emma.msrb.org/Security/Details/AB6D2D3F5A38108DBF4CB722D8F3DE0A6,2026-02-07T00:15:57.133859+00:00
A360F57D30115DB00E36273D6B2E6B434,"THE INDUSTRIAL DEVELOPMENT BOARD OF THE TOWN OF WEST JEFFERSON / SOLID WASTE DISPOSAL REVENUE BONDS (ALABAMA POWER COMPANY PLANT MILLER PROJECT), SERIES 2023",AL,98000000,2.7,08/01/2063,08/25/2023,08/25/2023,2.7,,,,,,,,,,3,10,8,https://emma.msrb.org/Security/Details/A360F57D30115DB00E36273D6B2E6B434,2026-02-07T00:16:22.788153+00:00
A5B279A96332E8B30C4D1C90129C558FB,"PENNSYLVANIA ECONOMIC DEVELOPMENT FINANCING AUTHORITY / SOLID WASTE DISPOSAL FACILITY REVENUE BONDS (CORE NATURAL RESOURCES, INC. PROJECT) SERIES 2025 (AMT)",PA,97560000,5.45 %,01/01/2051,03/27/2025,03/27/2025,,,,,,,,,,,100,0,3,https://emma.msrb.org/Security/Details/A5B279A96332E8B30C4D1C90129C558FB,2026-02-07T00:16:46.430537+00:00
A067C520FF8A1D0A1C16A69CE13BD2B3F,LOWNDES COUNTY MISSISSIPPI / SOLID WASTE DISPOSAL AND POLLUTION CONTROL REFUNDING REVENUE BONDS (INTERNATIONAL PAPER COMPANY PROJECT) SERIES 2022 (NON-AMT),MS,88200000,2.65 %,04/01/2037,03/31/2022,03/31/2022,,,,,,,,,,,100,0,14,https://emma.msrb.org/Security/Details/A067C520FF8A1D0A1C16A69CE13BD2B3F,2026-02-07T00:17:15.048339+00:00
A5AE1FF0E9F4058231EC780651E8F528D,"THE WALKER COUNTY ECONOMIC AND INDUSTRIAL DEVELOPMENT AUTHORITY / SOLID WASTE DISPOSAL REVENUE BONDS (ALABAMA POWER COMPANY PLANT GORGAS PROJECT), SECOND SERIES 2023",AL,88000000,3,08/01/2063,08/25/2023,08/25/2023,3,,,,,,,,,,100,10,7,https://emma.msrb.org/Security/Details/A5AE1FF0E9F4058231EC780651E8F528D,2026-02-07T00:19:19.647483+00:00
A35FEBED868DDDE40BD3908495D5FAA06,"WEST VIRGINIA ECONOMIC DEVELOPMENT AUTHORITY / SOLID WASTE DISPOSAL FACILITIES REVENUE REFUNDING BONDS (APPALACHIAN POWER COMPANY - AMOS PROJECT), SERIES 2015A",WV,86000000,3.375 %,03/01/2040,04/01/2015,04/01/2024,,,,,,,,,,,100,0,13,https://emma.msrb.org/Security/Details/A35FEBED868DDDE40BD3908495D5FAA06,2026-02-07T00:19:46.982702+00:00
A0BC2B4DB654B2359C034ABB3BAC465FC,"NATIONAL FINANCE AUTHORITY / SOLID WASTE DISPOSAL REFUNDING REVENUE BONDS (WASTE MANAGEMENT,INC. PROJECT)SERIES 2018A",NH,82500000,4 %,10/01/2033,10/01/2018,07/01/2025,,,,,,,,,,,52,0,34,https://emma.msrb.org/Security/Details/A0BC2B4DB654B2359C034ABB3BAC465FC,2026-02-07T00:20:16.363459+00:00
A12E2D7BC4722826CB6270CD7BCE926C2,"PENNSYLVANIA ECONOMIC DEVELOPMENT FINANCING AUTHORITY / SOLID WASTE DISPOSAL REVENUE BONDS (WASTE MANAGEMENT, INC. PROJECT) SERIES 2025A",PA,80000000,3.45 %,06/01/2049,06/04/2025,06/04/2025,,,,,,,,,,,41,0,3,https://emma.msrb.org/Security/Details/A12E2D7BC4722826CB6270CD7BCE926C2,2026-02-07T00:20:47.800550+00:00
A31BD35A4132B7FC97E6FED0A96D5CA53,"ST. LUCIE COUNTY, FLORIDA / SOLID WASTE DISPOSAL REVENUE REFUNDING BONDS (FLORIDA POWER & LIGHT COMPANY PROJECT) SERIES 2003",FL,78785000,2.3,05/01/2029,05/01/2003,03/20/2024,12/16/2025,,,,,,,,,,100,44,26,https://emma.msrb.org/Security/Details/A31BD35A4132B7FC97E6FED0A96D5CA53,2026-02-07T00:21:47.600092+00:00
AB0F07FAA663AA45946017AECD38A8E78,"GRAND FORKS COUNTY, NORTH DAKOTA / SOLID WASTE DISPOSAL FACILITY REVENUE BONDS (RED RIVER BIOREFINERY, LLC PROJECT), SENIOR SERIES 2021A (GREEN BONDS)",ND,75665000,7 %,12/15/2043,06/02/2021,06/02/2021,,,,,,,,,,,21,0,12,https://emma.msrb.org/Security/Details/AB0F07FAA663AA45946017AECD38A8E78,2026-02-07T00:22:22.903714+00:00
A8F7114139905966417CB7F6BA21CB704,"CALIFORNIA MUNICIPAL FINANCE AUTHORITY / SOLID WASTE DISPOSAL REVENUE BONDS (REPUBLIC SERVICES, INC. PROJECT) SERIES 2021B",CA,75000000,3.25 %,07/01/2051,07/01/2021,07/01/2021,,,,,,,,,,,100,0,45,https://emma.msrb.org/Security/Details/A8F7114139905966417CB7F6BA21CB704,2026-02-07T00:22:50.067110+00:00
A2E0BF4095E34F8636860C696EFD30F28,"FLORIDA DEVELOPMENT FINANCE CORPORATION / SOLID WASTE DISPOSAL REVENUE BONDS (WASTE MANAGEMENT, INC. PROJECT) SERIES 2025A",FL,75000000,3.4 %,09/01/2050,09/25/2025,09/25/2025,,,,,,,,,,,20,0,1,https://emma.msrb.org/Security/Details/A2E0BF4095E34F8636860C696EFD30F28,2026-02-07T00:24:46.702043+00:00
A2F673217F4DF32AF157C502EF5EB5B55,"FLORIDA DEVELOPMENT FINANCE CORPORATION / SOLID WASTE DISPOSAL REVENUE BONDS (WASTE PRO USA, INC. PROJECT), SERIES 2025",FL,75000000,4.45 %,07/01/2037,11/13/2025,11/13/2025,,,,,,,,,,,27,0,4,https://emma.msrb.org/Security/Details/A2F673217F4DF32AF157C502EF5EB5B55,2026-02-07T00:27:10.904761+00:00
A3F8D57CA64D9D8A8BE5630A56E3A581B,"LOUISIANA PUBLIC FACILITIES AUTHORITY / SOLID WASTE DISPOSAL REVENUE BONDS (WASTE PRO USA, INC. PROJECT), SERIES 2025",LA,75000000,4.375 %,05/01/2053,11/13/2025,11/13/2025,,,,,,,,,,,7,0,4,https://emma.msrb.org/Security/Details/A3F8D57CA64D9D8A8BE5630A56E3A581B,2026-02-07T00:27:35.222301+00:00
A78BD17F0A8E022992484A024E85C7895,MICHIGAN STRATEGIC FUND / SOLID WASTE DISPOSAL LIMITED OBLIGATION REVENUE BONDS (CHEVRON U.S.A INC. PROJECT) SERIES 2024,MI,75000000,2.95,11/01/2054,11/21/2024,11/21/2024,2.95,,,,,,,,,,14,10,8,https://emma.msrb.org/Security/Details/A78BD17F0A8E022992484A024E85C7895,2026-02-07T00:27:59.004683+00:00
A2E5C74247676CD41E5ED62D0DF41343B,"PENNSYLVANIA ECONOMIC DEVELOPMENT FINANCING AUTHORITY / SOLID WASTE DISPOSAL REVENUE BONDS (WASTE MANAGEMENT, INC. PROJECT) SERIES 2017A",PA,75000000,3.875 %,08/01/2037,08/17/2017,08/01/2025,,,,,,,,,,,100,0,35,https://emma.msrb.org/Security/Details/A2E5C74247676CD41E5ED62D0DF41343B,2026-02-07T00:28:23.733938+00:00
AA73DA18A3159B40AA927FEDA652033D6,"BRAZORIA COUNTY INDUSTRIAL DEVELOPMENT CORPORATION / SOLID WASTE DISPOSAL FACILITIES REVENUE BONDS (ALEON RENEWABLE METALS, LLC PROJECT)",TX,75000000,10 %,06/01/2042,06/16/2022,06/16/2022,,,,,,,,,,,21,0,58,https://emma.msrb.org/Security/Details/AA73DA18A3159B40AA927FEDA652033D6,2026-02-07T00:29:27.927951+00:00
A3ADAD894595653B114A32F5752A30967,"ESCAMBIA COUNTY, FLORIDA / SOLID WASTE DISPOSAL REVENUE BONDS (GULF POWER COMPANY PROJECT) SECOND SERIES 2009",FL,65400000,2.25,04/01/2039,03/31/2009,08/21/2024,2.25,,,,,,,,,,16,10,7,https://emma.msrb.org/Security/Details/A3ADAD894595653B114A32F5752A30967,2026-02-07T00:29:58.678312+00:00
ABE6D1EF53F6F2B0992BE6517AB72A891,WEST VIRGINIA ECONOMIC DEVELOPMENT AUTHORITY (APPALACHIAN POWER COMPANY – AMOS PROJECT) / SOLID WASTE DISPOSAL FACILITIES REVENUE BONDS SERIES 2011A,WV,65350000,3.3 %,01/01/2041,02/09/2011,09/02/2025,,,,,,,,,,,14,0,1,https://emma.msrb.org/Security/Details/ABE6D1EF53F6F2B0992BE6517AB72A891,2026-02-07T00:30:24.520410+00:00
A53ED5CE81EBFF733FACF492937E4E054,"ESCAMBIA COUNTY, FLORIDA / SOLID WASTE DISPOSAL REVENUE BONDS (GULF POWER COMPANY PROJECT), FIRST SERIES 2009",FL,65000000,2.4,04/01/2039,03/31/2009,08/09/2023,12/16/2025,,,,,,,,,,100,21,22,https://emma.msrb.org/Security/Details/A53ED5CE81EBFF733FACF492937E4E054,2026-02-07T00:30:49.154859+00:00
AA99B6716763B0CEC2168ED72E60EC4E2,"WEST VIRGINIA ECONOMIC DEVELOPMENT AUTHORITY / SOLID WASTE DISPOSAL FACILITIES REVENUE REFUNDING BONDS (KENTUCKY POWER COMPANY - MITCHELL PROJECT), SERIES 2014A",WV,65000000,4.7 %,04/01/2036,06/26/2014,06/20/2023,,,,,,,,,,,95,0,15,https://emma.msrb.org/Security/Details/AA99B6716763B0CEC2168ED72E60EC4E2,2026-02-07T00:31:23.158349+00:00
AC318C913F6425FCA462C1A1246FBB227,WEST VIRGINIA ECONOMIC DEVELOPMENT AUTHORITY / SOLID WASTE DISPOSAL FACILITIES REVENUE REFUNDING BONDS (WHEELING POWER COMPANY - MITCHELL PROJECT) SERIES 2013A,WV,65000000,3 %,06/01/2037,07/01/2013,04/01/2022,,,,,,,,,,,100,0,20,https://emma.msrb.org/Security/Details/AC318C913F6425FCA462C1A1246FBB227,2026-02-07T00:31:51.542884+00:00
A43437362388125E4004C0C9ADA72FE92,CALIFORNIA MUNICIPAL FINANCE AUTHORITY / SOLID WASTE DISPOSAL REVENUE BONDS (RECOLOGY INC. PROJECT) SERIES 2024A,CA,61000000,1.57,11/01/2037,11/21/2024,11/21/2024,1.57,,,,,,,,,,7,10,5,https://emma.msrb.org/Security/Details/A43437362388125E4004C0C9ADA72FE92,2026-02-07T00:32:22.351827+00:00
A96FD39571A7FA7339C3077C26C52247D,"IOWA FINANCE AUTHORITY / SEWAGE AND SOLID WASTE DISPOSAL FACILITIES REVENUE BONDS, SERIES 2021",IA,61000000,2.21,01/01/2051,01/26/2021,01/26/2021,08/12/2025,,,,,,,,,,24,13,16,https://emma.msrb.org/Security/Details/A96FD39571A7FA7339C3077C26C52247D,2026-02-07T00:32:49.037576+00:00
AFC7F7C3086F9F6D7C590937AE82B1F8D,"MISSION ECONOMIC DEVELOPMENT CORPORATION / SOLID WASTE DISPOSAL REVENUE BONDS (REPUBLIC SERVICES, INC. PROJECT) SERIES 2020A",TX,60000000,3 %,05/01/2050,05/28/2020,05/28/2020,,,,,,,,,,,100,0,58,https://emma.msrb.org/Security/Details/AFC7F7C3086F9F6D7C590937AE82B1F8D,2026-02-07T00:33:20.870395+00:00
A2412A83D11E3A7B329F07590528EDA49,"VERMONT ECONOMIC DEVELOPMENT AUTHORITY / SOLID WASTE DISPOSAL REVENUE BONDS (CASELLA WASTE SYSTEMS, INC. PROJECT) SERIES 2022",VT,60000000,5 %,06/01/2052,06/01/2022,06/01/2022,,,,,,,,,,,9,0,50,https://emma.msrb.org/Security/Details/A2412A83D11E3A7B329F07590528EDA49,2026-02-07T00:37:20.971391+00:00
ABFA850CC2D61A5A40634E86C870EF894,"PUBLIC FINANCE AUTHORITY / SOLID WASTE DISPOSAL REFUNDING REVENUE BONDS (WASTE MANAGEMENT, INC. PROJECT) SERIES 2016A-1, 2016A-2, 2016A-3 AND 2016A-4",WI,55000000,1.1 %,07/01/2029,05/18/2016,06/01/2021,,,,,,,,,,,100,0,33,https://emma.msrb.org/Security/Details/ABFA850CC2D61A5A40634E86C870EF894,2026-02-07T00:37:50.285948+00:00
A414EEBE2DE77ABEF0026DD7DE5FE1D23,WEST VIRGINIA ECONOMIC DEVELOPMENT AUTHORITY / SOLID WASTE DISPOSAL FACILITIES REVENUE BONDS (APPALACHIAN POWER COMPANY - AMOS PROJECT) SERIES 2009A,WV,54375000,3.7 %,12/01/2042,11/24/2009,06/02/2025,,,,,,,,,,,21,0,1,https://emma.msrb.org/Security/Details/A414EEBE2DE77ABEF0026DD7DE5FE1D23,2026-02-07T00:40:24.104006+00:00
AD21D6FA05AA38C4D383AD6712AC55D7E,"MISSION ECONOMIC DEVELOPMENT CORPORATION / SOLID WASTE DISPOSAL REFUNDING REVENUE BONDS (WASTE MANAGEMENT, INC. PROJECT), SERIES 2020B",TX,52000000,3.45 %,07/01/2040,07/31/2020,07/31/2020,,,,,,,,,,,100,0,32,https://emma.msrb.org/Security/Details/AD21D6FA05AA38C4D383AD6712AC55D7E,2026-02-07T00:40:48.205187+00:00
A236458CF81FE9345E5D06D9B780DDE16,"MISSION ECONOMIC DEVELOPMENT CORPORATION / SOLID WASTE DISPOSAL REVENUE BONDS (WASTE MANAGEMENT, INC. PROJECT), SERIES 2020A",TX,50400000,3.45 %,05/01/2046,05/28/2020,07/31/2020,,,,,,,,,,,100,0,32,https://emma.msrb.org/Security/Details/A236458CF81FE9345E5D06D9B780DDE16,2026-02-07T00:41:21.276557+00:00
A69F1F7B37624E3263DED51C148BF11F3,"CALIFORNIA MUNICIPAL FINANCE AUTHORITY / SOLID WASTE DISPOSAL REVENUE BONDS (WASTE MANAGEMENT, INC. PROJECT) SERIES 2020B",CA,50000000,3.85 %,11/01/2041,11/15/2023,11/15/2023,,,,,,,,,,,100,0,24,https://emma.msrb.org/Security/Details/A69F1F7B37624E3263DED51C148BF11F3,2026-02-07T00:41:53.919836+00:00
A8892388EB417D579E63A676A3013A9EE,"CALIFORNIA MUNICIPAL FINANCE AUTHORITY / SOLID WASTE DISPOSAL REVENUE BONDS (WASTE MANAGEMENT, INC. PROJECT) SERIES 2024A",CA,50000000,3.45 %,11/01/2046,11/21/2024,11/21/2024,,,,,,,,,,,95,0,5,https://emma.msrb.org/Security/Details/A8892388EB417D579E63A676A3013A9EE,2026-02-07T00:44:28.160230+00:00
A6D8E4B34135425E8F2502E0E8560AECB,"MIAMI-DADE COUNTY INDUSTRIAL DEVELOPMENT AUTHORITY / SOLID WASTE DISPOSAL REVENUE BONDS, (WASTE MANAGEMENT, INC. PROJECT)SERIES 2018B",FL,50000000,4 %,11/01/2048,11/30/2018,07/01/2025,,,,,,,,,,,20,0,35,https://emma.msrb.org/Security/Details/A6D8E4B34135425E8F2502E0E8560AECB,2026-02-07T00:46:56.312813+00:00
AEE0035350215EB399ED2AC55BE8193FB,"ILLINOIS FINANCE AUTHORITY / SOLID WASTE DISPOSAL REVENUE BONDS (WASTE MANAGEMENT, INC. PROJECT) SERIES 2019",IL,50000000,3.45 %,11/01/2044,11/06/2019,11/03/2025,,,,,,,,,,,100,0,41,https://emma.msrb.org/Security/Details/AEE0035350215EB399ED2AC55BE8193FB,2026-02-07T00:47:26.100742+00:00
A9B4E188D129F287DF91D52C5F248634D,"ILLINOIS FINANCE AUTHORITY / SOLID WASTE DISPOSAL REVENUE BONDS (WASTE MANAGEMENT, INC. PROJECT) SERIES 2023",IL,50000000,4.6 %,10/01/2053,10/04/2023,10/04/2023,,,,,,,,,,,27,0,23,https://emma.msrb.org/Security/Details/A9B4E188D129F287DF91D52C5F248634D,2026-02-07T00:50:00.587320+00:00
A1A147C01AB6BA78D2B1FFD9904B82B8D,"EDWARDS COUNTY, KANSAS / VARIABLE RATE DEMAND SOLID WASTE DISPOSAL REVENUE BONDS (SKYBOUND PROJECT) SERIES A, 2024",KS,50000000,2.4,06/01/2054,06/05/2024,06/05/2024,2.4,,,,,,,,,,1,10,7,https://emma.msrb.org/Security/Details/A1A147C01AB6BA78D2B1FFD9904B82B8D,2026-02-07T00:50:28.982373+00:00
A373138BEA02D35ABA66DF1929F32233E,"MISSISSIPPI BUSINESS FINANCE CORPORATION / SOLID WASTE DISPOSAL REVENUE BONDS (WASTE PRO USA, INC. PROJECT), 2025A",MS,50000000,4.375 %,02/01/2048,11/13/2025,11/13/2025,,,,,,,,,,,10,0,4,https://emma.msrb.org/Security/Details/A373138BEA02D35ABA66DF1929F32233E,2026-02-07T00:52:53.981818+00:00
AA83C038DBAE0A9233664341628F1CBDE,"PENNSYLVANIA ECONOMIC DEVELOPMENT FINANCING AUTHORITY / SOLID WASTE DISPOSAL REFUNDING REVENUE BONDS (WASTE MANAGEMENT, INC. PROJECT) SERIES 2021B",PA,50000000,1.1 %,06/01/2031,11/18/2021,11/18/2021,,,,,,,,,,,11,0,31,https://emma.msrb.org/Security/Details/AA83C038DBAE0A9233664341628F1CBDE,2026-02-07T00:53:17.496232+00:00
AF7737124057D0435DD2492B47764B0EA,"MISSION ECONOMIC DEVELOPMENT CORPORATION / SOLID WASTE DISPOSAL REVENUE BONDS (REPUBLIC SERVICES, INC. PROJECT) SERIES 2024",TX,50000000,4 %,06/01/2054,06/13/2024,06/13/2024,,,,,,,,,,,46,0,13,https://emma.msrb.org/Security/Details/AF7737124057D0435DD2492B47764B0EA,2026-02-07T00:55:45.656983+00:00
A89695AE7E432508529EF0D7DBDD03375,"MISSION ECONOMIC DEVELOPMENT CORPORATION / SOLID WASTE DISPOSAL REVENUE BONDS (WASTE MANAGEMENT, INC. PROJECT) SERIES 2023A",TX,50000000,4.25 %,06/01/2048,06/01/2023,06/01/2023,,,,,,,,,,,63,0,28,https://emma.msrb.org/Security/Details/A89695AE7E432508529EF0D7DBDD03375,2026-02-07T00:58:12.966735+00:00
A44935C76446CC5DC2E7556CA249F947E,"MISSION ECONOMIC DEVELOPMENT CORPORATION / SOLID WASTE DISPOSAL REVENUE BONDS (WASTE MANAGEMENT, INC. PROJECT) SERIES 2025A",TX,50000000,3.45 %,06/01/2055,06/04/2025,06/04/2025,,,,,,,,,,,33,0,3,https://emma.msrb.org/Security/Details/A44935C76446CC5DC2E7556CA249F947E,2026-02-07T00:58:42.874030+00:00
A829B3726BD5D6F7AC3003CBBFCEC1BA9,WEST VIRGINIA ECONOMIC DEVELOPMENT AUTHORITY / SOLID WASTE DISPOSAL FACILITIES REVENUE BONDS (APPALACHIAN POWER COMPANY - AMOS PROJECT) SERIES 2009B,WV,50000000,3.7 %,12/01/2042,11/24/2009,06/02/2025,,,,,,,,,,,6,0,1,https://emma.msrb.org/Security/Details/A829B3726BD5D6F7AC3003CBBFCEC1BA9,2026-02-07T00:59:07.507369+00:00
AC9FC284544899882103942B10E100237,"WEST VIRGINIA ECONOMIC DEVELOPMENT AUTHORITY / SOLID WASTE DISPOSAL FACILITIES REVENUE REFUNDING BONDS (APPALACHIAN POWER COMPANY--AMOS PROJECT), SERIES 2010A",WV,50000000,2.25,12/01/2038,05/19/2010,12/23/2020,11/14/2025,,,,,,,,,,100,13,21,https://emma.msrb.org/Security/Details/AC9FC284544899882103942B10E100237,2026-02-07T00:59:31.229078+00:00
ACF30673C73F1C41F67F60C011E543D88,"CALIFORNIA POLLUTION CONTROL FINANCING AUTHORITY / SOLID WASTE DISPOSAL REFUNDING REVENUE BONDS (WASTE MANAGEMENT, INC. PROJECT) SERIES 2015B-2",CA,49775000,3.45 %,11/01/2040,11/10/2015,11/03/2025,,,,,,,,,,,100,0,32,https://emma.msrb.org/Security/Details/ACF30673C73F1C41F67F60C011E543D88,2026-02-07T01:00:01.010017+00:00
A950D99EC9C88CA4BC8E16802A2CAE6FC,"MUNICIPALITY OF ANCHORAGE, ALASKA / SOLID WASTE SERVICES REVENUE REFUNDING BONDS, 2022 SERIES A",AK,48420000,5.25 %,11/01/2062,11/15/2022,11/15/2022,,,,,,,,,,,100,0,21,https://emma.msrb.org/Security/Details/A950D99EC9C88CA4BC8E16802A2CAE6FC,2026-02-07T01:02:34.645831+00:00
AB517CC7EB0974889CCA861F412C5FE64,"CALIFORNIA MUNICIPAL FINANCE AUTHORITY / SOLID WASTE DISPOSAL REVENUE BONDS (WASTE MANAGEMENT, INC. PROJECT) SERIES 2024B",CA,47500000,3.375 %,09/01/2050,09/25/2025,09/25/2025,,,,,,,,,,,22,0,1,https://emma.msrb.org/Security/Details/AB517CC7EB0974889CCA861F412C5FE64,2026-02-07T01:03:05.279721+00:00
AF9EEB3548C52E17BF00B58FAA1911E62,"FINANCE AUTHORITY OF MAINE / SOLID WASTE DISPOSAL REVENUE BONDS (CASELLA WASTE SYSTEMS, INC. PROJECT) SERIES 2024",ME,45000000,4.625 %,12/01/2047,12/23/2024,12/23/2024,,,,,,,,,,,36,0,19,https://emma.msrb.org/Security/Details/AF9EEB3548C52E17BF00B58FAA1911E62,2026-02-07T01:03:29.329347+00:00
AAFB68FD5857D0B8A69248C8B9B94AA04,"WEST VIRGINIA ECONOMIC DEVELOPMENT AUTHORITY / SOLID WASTE DISPOSAL FACILITY REVENUE BONDS (WYOMING COUNTY COAL PROJECT), SERIES 2023",WV,45000000,9 %,06/01/2038,06/08/2023,06/08/2023,,,,,,,,,,,3,0,84,https://emma.msrb.org/Security/Details/AAFB68FD5857D0B8A69248C8B9B94AA04,2026-02-07T01:05:56.310965+00:00
AB9D5D2F7A89A35714CE432882A8DAEFE,"PENNSYLVANIA ECONOMIC DEVELOPMENT FINANCING AUTHORITY / SOLID WASTE DISPOSAL REVENUE BONDS, SERIES 2022 (IRON CUMBERLAND, LLC PROJECT)",PA,44870000,7 %,12/01/2029,07/14/2022,07/14/2022,,,,,,,,,,,6,0,2,https://emma.msrb.org/Security/Details/AB9D5D2F7A89A35714CE432882A8DAEFE,2026-02-07T01:06:29.273444+00:00
AD6DAFB166FC9C323A6DB6B26913CF637,CALIFORNIA POLLUTION CONTROL FINANCING AUTHORITY / SOLID WASTE DISPOSAL REVENUE BONDS (CALPLANT I PROJECT) SERIES 2020 (AMT) (GREEN BONDS),CA,42000000,7.5 %,07/01/2032,10/13/2020,10/13/2020,,,,,,,,,,,19,0,91,https://emma.msrb.org/Security/Details/AD6DAFB166FC9C323A6DB6B26913CF637,2026-02-07T01:06:53.363829+00:00
AF1FCBC895122AF5D2E2D5DBB568CF78C,"PORT OF CORPUS CHRISTI AUTHORITY, NUECES COUNTY, TEXAS / SOLID WASTE DISPOSAL REVENUE BONDS (FLINT HILLS RESOURCES, LP PROJECT), SERIES 2006",TX,42000000,3.2,01/01/2030,04/05/2006,05/02/2022,3.2,,,,,,,,,,100,10,7,https://emma.msrb.org/Security/Details/AF1FCBC895122AF5D2E2D5DBB568CF78C,2026-02-07T01:07:45.438943+00:00
A3CE8E1E8C95B641E453A3189B0D008DC,"TOWN OF GILLETT, WISCONSIN (WI RNG HUB NORTH LLC RENEWABLE NATURAL GAS PRODUCTION PLANT PROJECT) / TAX-EXEMPT SOLID WASTE DISPOSAL REVENUE BONDS, SERIES 2021A (AMT)",WI,41585000,5.5 %,12/01/2032,12/23/2021,12/23/2021,,,,,,,,,,,7,0,28,https://emma.msrb.org/Security/Details/A3CE8E1E8C95B641E453A3189B0D008DC,2026-02-07T01:08:15.386158+00:00
AD8E8B35E93E0B7638A01892D30D0987D,"LOUISIANA PUBLIC FACILITIES AUTHORITY / SOLID WASTE DISPOSAL REVENUE BONDS (WASTE PRO USA, INC. PROJECT), SERIES 2023",LA,40000000,6.75 %,10/01/2053,10/26/2023,10/26/2023,,,,,,,,,,,12,0,38,https://emma.msrb.org/Security/Details/AD8E8B35E93E0B7638A01892D30D0987D,2026-02-07T01:08:41.052565+00:00
A3BD96388EBB30D85837A896E1FED8249,"NEW YORK STATE ENVIRONMENTAL FACILITIES CORPORATION / SOLID WASTE DISPOSAL REVENUE BONDS, (CASELLA WASTE SYSTEMS, INC PROJECT) SERIES 2020",NY,40000000,4.25 %,09/01/2050,09/02/2020,09/02/2025,,,,,,,,,,,93,0,56,https://emma.msrb.org/Security/Details/A3BD96388EBB30D85837A896E1FED8249,2026-02-07T01:09:07.175276+00:00
A7040ACF2596165903000E0847A053FD3,"PUBLIC FINANCE AUTHORITY / SOLID WASTE DISPOSAL REFUNDING REVENUE BONDS (WASTE MANAGEMENT, INC. PROJECT) SERIES 2016A-1, 2016A-2, 2016A-3 AND 2016A-4",WI,40000000,2.875 %,05/01/2027,05/18/2016,06/01/2021,,,,,,,,,,,100,0,33,https://emma.msrb.org/Security/Details/A7040ACF2596165903000E0847A053FD3,2026-02-07T01:09:40.692589+00:00
A893C0FA8F416928478E4A8934EB8F018,"WEST VIRGINIA ECONOMIC DEVELOPMENT AUTHORITY / SOLID WASTE DISPOSAL FACILITIES REVENUE BONDS (EMPIRE GREEN GENERATION, LLC PROJECT) SERIES 2023",WV,40000000,9.5 %,05/01/2043,05/19/2023,05/19/2023,,,,,,,,,,,1,0,50,https://emma.msrb.org/Security/Details/A893C0FA8F416928478E4A8934EB8F018,2026-02-07T01:10:14.135302+00:00
AAFC2A3A711D4EDD59547531A5326EEF9,"BRAZORIA COUNTY INDUSTRIAL DEVELOPMENT CORPORATION, TEXAS / SOLID WASTE DISPOSAL FACILITIES SUBORDINATE REVENUE BONDS (GLADIEUX METALS RECYCLING, LLC PROJECT) SERIES 2020",TX,38500000,8.5 %,03/01/2039,05/21/2020,05/21/2020,,,,,,,,,,,37,0,89,https://emma.msrb.org/Security/Details/AAFC2A3A711D4EDD59547531A5326EEF9,2026-02-07T01:10:44.600801+00:00
AD60F475C1CE9E5F619509AC27205F31A,"SOUTH CAROLINA JOBS-ECONOMIC DEVELOPMENT AUTHORITY / SOLID WASTE DISPOSAL REVENUE BONDS (ENERRA SOUTH CAROLINA PROJECT), SERIES 2024",SC,37000000,3.7 %,12/15/2027,12/18/2024,12/18/2024,,,,,,,,,,,10,0,1,https://emma.msrb.org/Security/Details/AD60F475C1CE9E5F619509AC27205F31A,2026-02-07T01:11:19.076739+00:00
A5C9F01C4A5659A582C7F1B7D822CAED5,"CALIFORNIA POLLUTION CONTROL FINANCING AUTHORITY / VARIABLE RATE DEMAND SOLID WASTE DISPOSAL REVENUE BONDS (WASTE MANAGEMENT, INC. PROJECT) SERIES 2003A",CA,35700000,4.25 %,11/01/2038,11/20/2003,07/01/2024,,,,,,,,,,,100,0,43,https://emma.msrb.org/Security/Details/A5C9F01C4A5659A582C7F1B7D822CAED5,2026-02-07T01:11:42.478146+00:00
A753D34B07A3168E8D3F1AAFB2957531C,"MICHIGAN STRATEGIC FUND / TAX-EXEMPT ADJUSTABLE MODE EXEMPT FACILITIES REVENUE BONDS (WASTE MANAGEMENT, INC. PROJECT) SERIES 2001",MI,35000000,4.125 %,08/01/2027,08/01/2001,08/02/2021,,,,,,,,,,,100,0,44,https://emma.msrb.org/Security/Details/A753D34B07A3168E8D3F1AAFB2957531C,2026-02-07T01:12:19.772204+00:00
AC366FFC857E8217727E7AF66E22936CB,MISSISSIPPI BUSINESS FINANCE CORPORATION / SOLID WASTE DISPOSAL FACILITY AND WASTEWATER FACILITY REVENUE BONDS FIRST SERIES 2022 (MISSISSIPPI POWER COMPANY PROJECT),MS,35000000,3.05,11/01/2052,11/02/2022,11/02/2022,3.05,,,,,,,,,,100,10,15,https://emma.msrb.org/Security/Details/AC366FFC857E8217727E7AF66E22936CB,2026-02-07T01:13:34.611713+00:00
A5BBDF9B821E09242EF1AB74E558D25F4,"WASHINGTON COUNTY, NEBRASKA / WASTEWATER AND SOLID WASTE DISPOSAL REVENUE BONDS (CARGILL, INCORPORATED PROJECTS) SERIES 2012",NE,35000000,2.22,09/01/2030,09/12/2012,09/02/2025,2.22,,,,,,,,,,3,10,4,https://emma.msrb.org/Security/Details/A5BBDF9B821E09242EF1AB74E558D25F4,2026-02-07T01:16:05.329961+00:00
A5D4FA32980E381E4938C30395187B7E9,"NATIONAL FINANCE AUTHORITY / SOLID WASTE DISPOSAL REFUNDING REVENUE BONDS (WASTE MANAGEMENT, INC. PROJECT) SERIES 2019A-3",NH,35000000,4 %,07/01/2033,07/01/2019,07/01/2025,,,,,,,,,,,24,0,34,https://emma.msrb.org/Security/Details/A5D4FA32980E381E4938C30395187B7E9,2026-02-07T01:18:29.343711+00:00
AE7F6C93CB0218ED759BFD220EB5177FF,"NEW YORK STATE ENVIRONMENTAL FACILITIES CORPORATION / SOLID WASTE DISPOSAL REVENUE BONDS (CASELLA WASTE SYSTEMS, INC. PROJECT) SERIES 2020R-2",NY,35000000,5.125 %,09/01/2050,08/24/2023,08/24/2023,,,,,,,,,,,41,0,29,https://emma.msrb.org/Security/Details/AE7F6C93CB0218ED759BFD220EB5177FF,2026-02-07T01:20:59.007936+00:00
A8AD99E516377F247E33E3618156C2CB4,"ANGELINA AND NECHES RIVER AUTHORITY INDUSTRIAL DEVELOPMENT CORPORATION / SOLID WASTE DISPOSAL AND WASTEWATER TREATMENT FACILITIES REVENUE BONDS (JEFFERSON ENTERPRISE ENERGY, LLC PROJECT) SERIES 2021A",TX,35000000,7.5 %,12/01/2045,06/11/2021,06/11/2021,,,,,,,,,,,26,0,61,https://emma.msrb.org/Security/Details/A8AD99E516377F247E33E3618156C2CB4,2026-02-07T01:23:26.783329+00:00
A403E5C3C4FC1215883232F33F7BFCC1B,"PORT OF CORPUS CHRISTI AUTHORITY, NUECES COUNTY, TEXAS / SOLID WASTE DISPOSAL REVENUE BONDS (FLINT HILLS RESOURCES, LP PROJECT), SERIES 2007",TX,35000000,3.2,01/01/2032,10/03/2007,05/02/2022,3.2,,,,,,,,,,100,10,7,https://emma.msrb.org/Security/Details/A403E5C3C4FC1215883232F33F7BFCC1B,2026-02-07T01:24:02.818534+00:00
A5FCCF11963E97A24830AC9CE2B70A3F3,VIRGINIA SMALL BUSINESS FINANCE AUTHORITY / SOLID WASTE DISPOSAL REVENUE BONDS (TOTAL FIBER RECOVERY CHESAPEAKE PROJECT) SERIES 2022,VA,35000000,8.5 %,06/01/2042,06/10/2022,06/10/2022,,,,,,,,,,,6,0,11,https://emma.msrb.org/Security/Details/A5FCCF11963E97A24830AC9CE2B70A3F3,2026-02-07T01:26:31.816390+00:00
AD1CC210FE762BEBAB36CE5C28CE5A2C1,"INDUSTRIAL DEVELOPMENT BOARD OF THE COUNTY OF KNOXVILLE / SOLID WASTE DISPOSAL REVENUE BONDS (TOMPAUL KNOXVILLE, LLC RECYCLING PROJECT) TAX-EXEMPT (AMT) SERIES 2022 (GREN BONDS)",TN,34100000,9.5 %,11/01/2052,12/01/2022,12/01/2022,,,,,,,,,,,7,0,8,https://emma.msrb.org/Security/Details/AD1CC210FE762BEBAB36CE5C28CE5A2C1,2026-02-07T01:26:55.477254+00:00
AB95AD567655944C792C6210217A2A1EB,SOUTH CAROLINA JOBS-ECONOMIC DEVELOPMENT AUTHORITY / SOLID WASTE DISPOSAL REVENUE BONDS (LAST STEP RECYCLING PROJECT) TAX-EXEMPT (AMT) SERIES 2021A (GREEN BONDS),SC,33370000,6.5 %,06/01/2051,06/22/2021,06/22/2021,,,,,,,,,,,57,0,131,https://emma.msrb.org/Security/Details/AB95AD567655944C792C6210217A2A1EB,2026-02-07T01:27:26.416673+00:00
ABA23CBD6E36FE3A28F0BF1EB84ED28B7,"FLORIDA DEVELOPMENT FINANCE CORPORATION / SOLID WASTE DISPOSAL REVENUE BONDS (WASTE PRO USA, INC. PROJECT), SERIES 2017",FL,32500000,5.25 %,08/01/2029,08/16/2017,08/01/2022,,,,,,,,,,,15,0,43,https://emma.msrb.org/Security/Details/ABA23CBD6E36FE3A28F0BF1EB84ED28B7,2026-02-07T01:28:10.788846+00:00
AFA32A438B2D473CC6474280482B959CF,"MUNICIPALITY OF ANCHORAGE, ALASKA / SOLID WASTE SERVICES REVENUE REFUNDING BONDS, 2022 SERIES A",AK,30860000,4 %,11/01/2052,11/15/2022,11/15/2022,,,,,,,,,,,100,0,21,https://emma.msrb.org/Security/Details/AFA32A438B2D473CC6474280482B959CF,2026-02-07T01:28:37.757832+00:00
A6E040D672934D69674E8B884C45144C6,"CITY OF GRANITE CITY, ILLINOIS / SOLID WASTE DISPOSAL REVENUE BONDS (WASTE MANAGEMENT, INC. PROJECT) SERIES 2002",IL,30320000,1.25 %,05/01/2027,05/01/2002,05/03/2021,,,,,,,,,,,100,0,45,https://emma.msrb.org/Security/Details/A6E040D672934D69674E8B884C45144C6,2026-02-07T01:29:08.875580+00:00
ADF6B7E9551D211200E10A5C686857597,"THE INDUSTRIAL DEVELOPMENT AUTHORITY OF THE COUNTY OF YAVAPAI / SOLID WASTE DISPOSAL REVENUE BONDS (WASTE MANAGEMENT, INC. PROJECT) SERIES 2002",AZ,30000000,1.3 %,06/01/2027,06/01/2002,06/01/2021,,,,,,,,,,,100,0,41,https://emma.msrb.org/Security/Details/ADF6B7E9551D211200E10A5C686857597,2026-02-07T01:31:51.014918+00:00
AB6C587576796957FF9FD68DCA07FF065,"CALIFORNIA MUNICIPAL FINANCE AUTHORITY / SOLID WASTE DISPOSAL REVENUE BONDS, (WASTE MANAGEMENT, INC. PROJECT) SERIES 2009A",CA,30000000,3.3 %,02/01/2039,03/12/2009,02/03/2025,,,,,,,,,,,100,0,43,https://emma.msrb.org/Security/Details/AB6C587576796957FF9FD68DCA07FF065,2026-02-07T01:34:28.225052+00:00
AAD05C51BA6914D61ADB18C0F42BCD62D,IOWA FINANCE AUTHORITY / VARIABLE RATE DEMAND SOLID WASTE DISPOSAL REVENUE BONDS (HOMELAND ENERGY SOLUTIONS LLC PROJECT) SERIES 2025,IA,30000000,2.21,07/01/2058,07/31/2025,07/31/2025,2.21,,,,,,,,,,1,10,1,https://emma.msrb.org/Security/Details/AAD05C51BA6914D61ADB18C0F42BCD62D,2026-02-07T01:35:11.141695+00:00
A59A7F22DF72E708C3BA91C2167FF477A,"PENNSYLVANIA ECONOMIC DEVELOPMENT FINANCING AUTHORITY / SOLID WASTE DISPOSAL REVENUE BONDS (REPUBLIC SERVICES, INC. PROJECT) SERIES 2019B, SERIES 2019B-2,",PA,30000000,3.25 %,04/01/2049,12/09/2021,12/09/2021,,,,,,,,,,,100,0,33,https://emma.msrb.org/Security/Details/A59A7F22DF72E708C3BA91C2167FF477A,2026-02-07T01:37:33.814229+00:00
ACDADC87F820533B35D75B8C66AB84177,"ANGELINA AND NECHES RIVER AUTHORITY INDUSTRIAL DEVELOPMENT CORPORATION / SOLID WASTE DISPOSAL AND WASTEWATER TREATMENT FACILITIES REVENUE BONDS (JEFFERSON ENTERPRISE ENERGY, LLC PROJECT) SERIES 2021B-1",TX,30000000,12 %,12/01/2045,06/11/2021,03/03/2022,,,,,,,,,,,1,0,15,https://emma.msrb.org/Security/Details/ACDADC87F820533B35D75B8C66AB84177,2026-02-07T01:41:30.605960+00:00
A18BCD43DD71D72F5755E26EBDE23C2EE,"MISSION ECONOMIC DEVELOPMENT CORPORATION / SOLID WASTE DISPOSAL REVENUE BONDS (WASTE MANAGEMENT, INC. PROJECT) SERIES 2018",TX,30000000,4 %,11/01/2048,11/29/2018,07/01/2025,,,,,,,,,,,6,0,36,https://emma.msrb.org/Security/Details/A18BCD43DD71D72F5755E26EBDE23C2EE,2026-02-07T01:42:01.714558+00:00
ADA721342B9778FFAE1D8384838E62A34,VIRGINIA SMALL BUSINESS FINANCE AUTHORITY / SOLID WASTE DISPOSAL REVENUE BONDS (TOTAL FIBER RECOVERY CHESAPEAKE PROJECT) SERIES 2022,VA,30000000,6.5 %,06/01/2029,06/10/2022,06/10/2022,,,,,,,,,,,6,0,11,https://emma.msrb.org/Security/Details/ADA721342B9778FFAE1D8384838E62A34,2026-02-07T01:44:30.416914+00:00
ADD8016353398BBAA540563FB19F00A95,"PEMBINA COUNTY, NORTH DAKOTA / TAX-EXEMPT ADJUSTABLE MODE, SOLID WASTE DISPOSAL REVENUE BONDS,(AMERICAN CRYSTAL SUGAR COMPANY PROJECT) SERIES 2025",ND,29500000,2.4,10/01/2055,10/30/2025,10/30/2025,2.4,,,,,,,,,,2,10,5,https://emma.msrb.org/Security/Details/ADD8016353398BBAA540563FB19F00A95,2026-02-07T01:44:54.538369+00:00
A4EAC2259692DCD8C1033594361619AE3,"FINANCE AUTHORITY OF MAINE / SOLID WASTE DISPOSAL REVENUE BONDS (CASELLA WASTE SYSTEMS, INC. PROJECT) SERIES 2015R-3",ME,29000000,5 %,08/01/2035,08/27/2015,08/01/2025,,,,,,,,,,,27,0,5,https://emma.msrb.org/Security/Details/A4EAC2259692DCD8C1033594361619AE3,2026-02-07T01:45:18.325271+00:00
A7DED79C4314812312029302BB7627C03,"MEADE COUNTY, KANSAS / VARIABLE RATE DEMAND SOLID WASTE DISPOSAL REVENUE BONDS (HIGH PLAINS PONDEROSA DAIRY, LLC), SERIES 2023",KS,27000000,2.4,07/01/2053,07/12/2023,07/12/2023,2.4,,,,,,,,,,2,10,8,https://emma.msrb.org/Security/Details/A7DED79C4314812312029302BB7627C03,2026-02-07T01:45:43.152504+00:00
A7A8998E3D7BE014EB8E767CDAD300EA0,"HILLSBOROUGH COUNTY, FLORIDA / SOLID WASTE AND RESOURCE RECOVERY REVENUE BONDS, SERIES 2025A (AMT)",FL,26930000,5.25 %,09/01/2054,02/12/2025,02/12/2025,,,,,,,,,,,66,0,1,https://emma.msrb.org/Security/Details/A7A8998E3D7BE014EB8E767CDAD300EA0,2026-02-07T01:46:08.746349+00:00
A08477AD72724CD852C7AE238E7A7D8FA,INDUSTRIAL DEVELOPMENT AUTHORITY OF AMELIA COUNTY VIRGINIA / SOLID WASTE DISPOSAL REVENUE AND REFUNDING BONDS (WASTE MANAGEMENT INC. PROJECT) SERIES 2002,VA,26800000,1.45 %,04/01/2027,04/30/2002,04/01/2021,,,,,,,,,,,100,0,43,https://emma.msrb.org/Security/Details/A08477AD72724CD852C7AE238E7A7D8FA,2026-02-07T01:48:38.587723+00:00
ACC47556D388937C33743CE429C52AEBD,"GRAND FORKS COUNTY, NORTH DAKOTA / SOLID WASTE DISPOSAL FACILITY REVENUE BONDS (RED RIVER BIOREFINERY, LLC PROJECT), SENIOR SERIES 2021A (GREEN BONDS)",ND,26610000,6.625 %,12/15/2031,06/02/2021,06/02/2021,,,,,,,,,,,19,0,12,https://emma.msrb.org/Security/Details/ACC47556D388937C33743CE429C52AEBD,2026-02-07T01:49:16.453510+00:00
AF8B8A0B39FCF54106F5A1C735C9640FF,"MIAMI-DADE COUNTY INDUSTRIAL DEVELOPMENT AUTHORITY / SOLID WASTE DISPOSAL REVENUE BONDS (WASTE MANAGEMENT, INC. OF FLORIDA PROJECT) SERIES 2007",FL,25000000,3.35 %,09/01/2027,09/12/2007,11/01/2024,,,,,,,,,,,100,0,44,https://emma.msrb.org/Security/Details/AF8B8A0B39FCF54106F5A1C735C9640FF,2026-02-07T01:49:41.773549+00:00
A3869F2813F78B2B54B57875C7E80FBD6,"PAWNEE COUNTY, KANSAS / VARIABLE RATE DEMAND SOLID WASTE DISPOSAL REVENUE BONDS, SERIES 2025 (ILS FEEDERS PROJECT)",KS,25000000,2.4,08/01/2055,08/28/2025,08/28/2025,2.4,,,,,,,,,,2,10,5,https://emma.msrb.org/Security/Details/A3869F2813F78B2B54B57875C7E80FBD6,2026-02-07T01:50:19.420240+00:00
ACA94C81D0155B13A659BB4A03339249F,"LOUISIANA PUBLIC FACILITIES AUTHORITY / SOLID WASTE DISPOSAL REVENUE BONDS (WASTE PRO USA, INC. PROJECT) SERIES 2023 R-2",LA,25000000,6.5 %,10/01/2053,11/28/2023,11/28/2023,,,,,,,,,,,12,0,30,https://emma.msrb.org/Security/Details/ACA94C81D0155B13A659BB4A03339249F,2026-02-07T01:50:42.767126+00:00
A7DBE5F652587DD7E56FDB8D2EDA7A051,NEW YORK ST ENVIRONMENTAL FACS CORP SOLID WASTE DISP REV / REF BDS WASTE MANAGEMENT INC 2012,NY,25000000,1.1 %,05/01/2030,05/01/2012,-,,,,,,,,,,,0,0,0,https://emma.msrb.org/Security/Details/A7DBE5F652587DD7E56FDB8D2EDA7A051,2026-02-07T01:51:08.969744+00:00
A19A093C21B596A8BC31D5DEAF59BD524,"SOUTH DAKOTA ECONOMIC DEVELOPMENT FINANCE AUTHORITY / VARIABLE RATE DEMAND SOLID WASTE DISPOSAL REVENUE BONDS (RIVERVIEW, LLP WASHINGTON DAIRY PROJECT), SERIES 2023",SD,25000000,2.4,11/01/2053,10/24/2023,10/24/2023,2.4,,,,,,,,,,2,10,11,https://emma.msrb.org/Security/Details/A19A093C21B596A8BC31D5DEAF59BD524,2026-02-07T01:51:31.837138+00:00
A186FF2EC95B5CED317CF652617622C1C,"PORT OF CORPUS CHRISTI AUTHORITY, NUECES COUNTY, TEXAS / SOLID WASTE DISPOSAL REVENUE BONDS (FLINT HILLS RESOURCES, LLP PROJECT), SERIES 2005",TX,25000000,3.2,01/01/2030,03/31/2005,05/02/2022,3.2,,,,,,,,,,98,10,7,https://emma.msrb.org/Security/Details/A186FF2EC95B5CED317CF652617622C1C,2026-02-07T01:51:57.364962+00:00
AB86D4B7A7015CC2DFBCF4EBA136F2009,"VERMONT ECONOMIC DEVELOPMENT AUTHORITY / SOLID WASTE DISPOSAL REVENUE BONDS (CASELLA WASTE SYSTEMS, INC. PROJECT) SERIES 2022A-2",VT,25000000,4.375 %,06/01/2052,03/11/2025,03/11/2025,,,,,,,,,,,26,0,9,https://emma.msrb.org/Security/Details/AB86D4B7A7015CC2DFBCF4EBA136F2009,2026-02-07T01:54:26.416088+00:00
AA238B6DEAF74F10FCEE690238FA85237,"MIAMI-DADE COUNTY INDUSTRIAL DEVELOPMENT AUTHORITY / SOLID WASTE DISPOSAL REFUNDING REVENUE BONDS, (WASTE MANAGEMENT, INC. PROJECT)SERIES 2018A",FL,23000000,4 %,11/01/2033,11/30/2018,07/01/2025,,,,,,,,,,,78,0,34,https://emma.msrb.org/Security/Details/AA238B6DEAF74F10FCEE690238FA85237,2026-02-07T01:54:50.754546+00:00
A30D2B596C67461BD2FA9D6CC5CB3F492,WASHINGTON ECONOMIC DEVELOPMENT FINANCE AUTHORITY / SOLID WASTE DISPOSAL REVENUE BONDS(RECOLOGY INC. PROJECT) 2025A,WA,23000000,2.3,11/01/2035,10/07/2025,10/07/2025,2.3,,,,,,,,,,2,10,7,https://emma.msrb.org/Security/Details/A30D2B596C67461BD2FA9D6CC5CB3F492,2026-02-07T01:55:23.966693+00:00
A1707659789C028EAB2782909952BF74E,"SOUTH DAKOTA ECONOMIC DEVELOPMENT FINANCE AUTHORITY / VARIABLE RATE DEMAND SOLID WASTE DISPOSAL REVENUE BONDS (RIVERVIEW, LLP CLARK COUNTY PROJECT), SERIES 2021",SD,22500000,2.4,11/01/2051,11/04/2021,11/04/2021,2.4,,,,,,,,,,9,10,13,https://emma.msrb.org/Security/Details/A1707659789C028EAB2782909952BF74E,2026-02-07T01:57:48.920939+00:00
A9A14595DC8D1BE474E9D81F088F463ED,"SOUTH DAKOTA ECONOMIC DEVELOPMENT FINANCE AUTHORITY / VARIABLE RATE DEMAND SOLID WASTE DISPOSAL REVENUE BONDS (RIVERVIEW, LLP PROJECT), SERIES 2021",SD,22500000,2.4,03/01/2051,03/16/2021,03/16/2021,2.4,,,,,,,,,,1,10,14,https://emma.msrb.org/Security/Details/A9A14595DC8D1BE474E9D81F088F463ED,2026-02-07T01:58:16.086954+00:00
AD907F8DEEED808699232423A431EB679,"ANGELINA AND NECHES RIVER AUTHORITY INDUSTRIAL DEVELOPMENT CORPORATION / SOLID WASTE DISPOSAL AND WASTEWATER TREATMENT FACILITIES REVENUE BONDS (JEFFERSON ENTERPRISE ENERGY, LLC PROJECT) SERIES 2020",TX,22000000,7.5 %,12/01/2045,12/18/2020,12/18/2020,,,,,,,,,,,37,0,69,https://emma.msrb.org/Security/Details/AD907F8DEEED808699232423A431EB679,2026-02-07T02:00:41.267953+00:00
A24181905FD91FFAFA0B1E804A2769322,MINI-CASSIA COMMERCE AUTHORITY SOLID WASTE DISPOSAL REVENUE BONDS (SUNTADO LLC PROJECT) SERIES 2024 / MINI-CASSIA COMMERCE AUTHORITY SOLID WASTE DISPOSAL REVENUE BONDS (SUNTADO LLC PROJECT) SERIES 2024,ID,21000000,2.21,04/01/2054,04/23/2024,04/23/2024,2.21,,,,,,,,,,1,10,6,https://emma.msrb.org/Security/Details/A24181905FD91FFAFA0B1E804A2769322,2026-02-07T02:01:18.064545+00:00
A17C2C405AEB576809B2122AA29F98C0A,"MINNESOTA AGRICULTURAL AND ECONOMIC DEVELOPMENT BOARD / SOLID WASTE DISPOSAL REVENUE BONDS (SPECTRO ALLOYS PROJECT), SERIES 2024",MN,20955000,2.4,05/01/2045,05/07/2024,09/24/2025,2.4,,,,,,,,,,4,10,12,https://emma.msrb.org/Security/Details/A17C2C405AEB576809B2122AA29F98C0A,2026-02-07T02:01:44.644022+00:00
A2BFDED25C5A84C7EAFCCD27F4E26CED2,"MIAMI-DADE COUNTY INDUSTRIAL DEVELOPMENT AUTHORITY / SOLID WASTE DISPOSAL REVENUE BONDS (WASTE MANAGEMENT, INC. OF FLORIDA PROJECT) SERIES 2011",FL,20000000,3.45 %,11/01/2041,11/01/2011,11/03/2025,,,,,,,,,,,98,0,43,https://emma.msrb.org/Security/Details/A2BFDED25C5A84C7EAFCCD27F4E26CED2,2026-02-07T02:02:10.088366+00:00
A836FAED0EFFE06CC22B5C037FC11392C,"CITY OF FALMOUTH, KENTUCKY / SOLID WASTE DISPOSAL FACILITIES REVENUE BONDS (TEXAS BLUEGRASS BIOFUELS, LLC PROJECT) SERIES 2020",KY,20000000,8.5 %,06/01/2040,05/29/2020,05/29/2020,,,,,,,,,,,39,0,69,https://emma.msrb.org/Security/Details/A836FAED0EFFE06CC22B5C037FC11392C,2026-02-07T02:02:45.801533+00:00
AD6CC457E022F17BC6BE79B2FDCC39188,"NORMAN COUNTY, MINNESOTA / VARIABLE RATE DEMAND SOLID WASTE DISPOSAL REVENUE BONDS (RIVERVIEW, LLP PROJECT), SERIES 2022",MN,20000000,2.4,05/01/2052,05/10/2022,05/10/2022,2.4,,,,,,,,,,1,10,11,https://emma.msrb.org/Security/Details/AD6CC457E022F17BC6BE79B2FDCC39188,2026-02-07T02:03:18.401266+00:00
A725C5DBCE6DD540E2E70EB832DC0B48F,"HAMILTON COUNTY, KANSAS / VARIABLE RATE DEMAND SOLID WASTE DISPOSAL REVENUE BONDS (R.C. GEVEN FARMS, L.L.C. PROJECT), SERIES A 2024",KS,19700000,2.4,01/01/2054,01/24/2024,01/24/2024,2.4,,,,,,,,,,2,10,5,https://emma.msrb.org/Security/Details/A725C5DBCE6DD540E2E70EB832DC0B48F,2026-02-07T02:03:43.829876+00:00
A32031BA5E71E3CFEBD038B628920CD4F,"PORT OF CORPUS CHRISTI AUTHORITY OF NUECES COUNTY, TEXAS / SOLID WASTE DISPOSAL REVENUE BONDS (FLINT HILLS RESOURCES, LP PROJECT) SERIES 2003",TX,19500000,3.2,04/01/2028,04/09/2003,05/02/2022,3.2,,,,,,,,,,81,10,7,https://emma.msrb.org/Security/Details/A32031BA5E71E3CFEBD038B628920CD4F,2026-02-07T02:04:09.461642+00:00
A9F6D24C5EAD269454B8D1B3FA3B2AB33,"CALIFORNIA POLLUTION CONTROL FINANCING AUTHORITY / VARIABLE RATE DEMAND SOLID WAST DISPOSAL REVENUE BONDS (WASTE MANAGEMENT INC., PROJECT) SERIES 2001A",CA,19000000,4.25 %,07/01/2031,07/17/2001,07/01/2024,,,,,,,,,,,100,0,42,https://emma.msrb.org/Security/Details/A9F6D24C5EAD269454B8D1B3FA3B2AB33,2026-02-07T02:04:36.980468+00:00
A96DCF454B000D117DD4F9DA7702B3037,"CITY OF FORT WAYNE, INDIANA / ECONOMIC DEVELOPMENT SOLID WASTE FACILITY REVENUE BONDS (DO GOOD FOODS FORT WAYNE LLC PROJECT), SERIES 2022A-2",IN,18220000,10.75 %,12/01/2029,12/15/2022,12/15/2022,,,,,,,,,,,3,0,5,https://emma.msrb.org/Security/Details/A96DCF454B000D117DD4F9DA7702B3037,2026-02-07T02:07:15.379378+00:00
A6170DF1457D7E0A75FDD3FCFC4B387DC,"GRAND FORKS COUNTY, NORTH DAKOTA / SOLID WASTE DISPOSAL FACILITY REVENUE BONDS (RED RIVER BIOREFINERY, LLC PROJECT), SUBORDINATE SERIES 2021B (GREEN BONDS)",ND,18035000,9 %,06/15/2044,06/02/2021,06/02/2021,,,,,,,,,,,3,0,12,https://emma.msrb.org/Security/Details/A6170DF1457D7E0A75FDD3FCFC4B387DC,2026-02-07T02:07:38.787126+00:00
A5B0EE91BACAD6B2D7FD3C401351CF320,LEWISBURG TENN INDL DEV BRD SOLID WASTE DISP REV / REF BDS WASTE MANAGEMENT INC 2012,TN,18000000,1.1 %,07/02/2035,06/29/2012,-,,,,,,,,,,,0,0,0,https://emma.msrb.org/Security/Details/A5B0EE91BACAD6B2D7FD3C401351CF320,2026-02-07T02:08:02.786268+00:00
A860131C4851A79C198817F8C2AA668F4,"HILLSBOROUGH COUNTY, FLORIDA / SOLID WASTE AND RESOURCE RECOVERY REFUNDING REVENUE BONDS, SERIES 2025B (NON-AMT)",FL,17770000,5 %,09/01/2049,02/12/2025,02/12/2025,,,,,,,,,,,100,0,1,https://emma.msrb.org/Security/Details/A860131C4851A79C198817F8C2AA668F4,2026-02-07T02:08:25.201125+00:00
AE5A56E7F6CB229E7F44CE30B115DB684,"MISSISSIPPI BUSINESS FINANCE CORPORATION / SOLID WASTE DISPOSAL REVENUE BONDS (WASTE PRO USA, INC. PROJECT), SERIES 2017",MS,17500000,5 %,02/01/2036,08/16/2017,08/01/2022,,,,,,,,,,,10,0,43,https://emma.msrb.org/Security/Details/AE5A56E7F6CB229E7F44CE30B115DB684,2026-02-07T02:10:57.731221+00:00
AE3C05513FE1DD9E29B3975B287B35A12,"PENNSYLVANIA ECONOMIC DEVELOPMENT FINANCING AUTHORITY / SOLID WASTE REFUNDING REVENUE BONDS (REPUBLIC SERVICES, INC. PROJECT) SERIES 2010 A (AMT) AND SERIES 2010 B (NON AMT)",PA,17500000,2.875 %,12/01/2030,10/01/2010,04/01/2020,,,,,,,,,,,100,0,34,https://emma.msrb.org/Security/Details/AE3C05513FE1DD9E29B3975B287B35A12,2026-02-07T02:11:24.643514+00:00
AC7F79FBD01A6E947CDE7E718F69319DB,"THE INDUSTRIAL DEVELOPMENT AUTHORITY OF THE COUNTY OF YAVAPAI / SOLID WASTE DISPOSAL REVENUE BONDS (WASTE MANAGEMENT, INC. PROJECT) SERIES 2003 A-2",AZ,17420000,4.25 %,03/01/2028,03/04/2003,07/01/2024,,,,,,,,,,,100,0,44,https://emma.msrb.org/Security/Details/AC7F79FBD01A6E947CDE7E718F69319DB,2026-02-07T02:15:21.911884+00:00
A1B9E8B3E4D4C9F1AC601A7E79D844DF3,"SOUTH DAKOTA ECONOMIC DEVELOPMENT FINANCE AUTHORITY / VARIABLE RATE DEMAND SOLID WASTE DISPOSAL REVENUE BONDS (PLAINVIEW DAIRY, LLC PROJECT), SERIES 2025",SD,16750000,2.4,07/01/2055,07/09/2025,07/09/2025,2.4,,,,,,,,,,2,10,6,https://emma.msrb.org/Security/Details/A1B9E8B3E4D4C9F1AC601A7E79D844DF3,2026-02-07T02:17:59.834977+00:00
A4424DD08E4761C15045982078DBA6E37,"CITY OF LOS ANGELES, CALIFORNIA / SOLID WASTE RESOURCES REVENUE BONDS SERIES 2023-A",CA,16275000,5 %,02/01/2038,07/26/2023,07/26/2023,,,,,,,,,,,100,0,60,https://emma.msrb.org/Security/Details/A4424DD08E4761C15045982078DBA6E37,2026-02-07T02:18:24.163890+00:00
A4E2236F0E14C8B34C2B8B68E3EA5BAA6,"OKEECHOBEE COUNTY, FLORIDA / SOLID WASTE DISPOSAL REVENUE BONDS (WASTE MANAGEMENT, INC./OKEECHOBEE LANDFILL PROJECT) SERIES 2004A",FL,15970000,3.8 %,07/01/2039,07/20/2004,07/01/2021,,,,,,,,,,,100,0,39,https://emma.msrb.org/Security/Details/A4E2236F0E14C8B34C2B8B68E3EA5BAA6,2026-02-07T02:21:07.912668+00:00
A3C034C24882F8F83E6E4C31432E4978C,"BREVARD COUNTY, FLORIDA / SOLID WASTE MANAGEMENT SYSTEM REVENUE BONDS, SERIES 2023",FL,15720000,5.5 %,09/01/2053,09/21/2023,09/21/2023,,,,,,,,,,,100,0,11,https://emma.msrb.org/Security/Details/A3C034C24882F8F83E6E4C31432E4978C,2026-02-07T02:21:44.222778+00:00
A9748C1BEEF7DBC37A75D01A6E3950620,"THE INDUSTRIAL DEVELOPMENT AUTHORITY OF THE COUNTY OF MARICOPA / SOLID WASTE DISPOSAL REVENUE BONDS (WASTE MANAGEMENT, INC. PROJECT) SERIES 2001",AZ,15580000,4.25 %,12/01/2031,12/06/2001,07/01/2024,,,,,,,,,,,100,0,41,https://emma.msrb.org/Security/Details/A9748C1BEEF7DBC37A75D01A6E3950620,2026-02-07T02:24:19.996175+00:00
A335DE423758D562FA452103E2AFD5041,"CITY OF LOS ANGELES, CALIFORNIA / SOLID WASTE RESOURCES REVENUE BONDS SERIES 2023-A",CA,15500000,5 %,02/01/2037,07/26/2023,07/26/2023,,,,,,,,,,,100,0,60,https://emma.msrb.org/Security/Details/A335DE423758D562FA452103E2AFD5041,2026-02-07T02:24:56.074345+00:00
AA2FF75F60A865F2FFBCAAB288A8033A7,"CALIFORNIA POLLUTION CONTROL FINANCING AUTHORITY / SOLID WASTE DISPOSAL REVENUE BONDS (WASTE MANAGEMENT, INC. PROJECT) SERIES 2002C",CA,15000000,4.25 %,12/01/2027,12/01/2002,07/01/2024,,,,,,,,,,,91,0,41,https://emma.msrb.org/Security/Details/AA2FF75F60A865F2FFBCAAB288A8033A7,2026-02-07T02:27:40.598154+00:00
ABE0C286DA52AF30916589CF725651BFA,"MASSACHUSETTS DEVELOPMENT FINANCE AGENCY / SOLID WASTE DISPOSAL REVENUE BONDS, WASTE MANAGEMENT INC PROJECT, SERIES 2002",MA,15000000,1.25 %,05/01/2027,05/29/2002,05/03/2021,,,,,,,,,,,69,0,41,https://emma.msrb.org/Security/Details/ABE0C286DA52AF30916589CF725651BFA,2026-02-07T02:28:18.845880+00:00
A2F4CDF07033C58111779F49ACC9EAE71,"GILLIAM COUNTY, OREGON / VARIABLE RATE DEMAND SOLID WASTE DISPOSAL REVENUE BONDS, (WASTE MANAGEMENT, INC. PROJECT) SERIES 2003A",OR,15000000,4.25 %,07/01/2038,09/26/2003,05/01/2023,,,,,,,,,,,71,0,44,https://emma.msrb.org/Security/Details/A2F4CDF07033C58111779F49ACC9EAE71,2026-02-07T02:28:52.414284+00:00
AF59414CAE956AD6CBF6DEA484219A060,"CITY OF LOS ANGELES, CALIFORNIA / SOLID WASTE RESOURCES REVENUE BONDS SERIES 2023-A",CA,14765000,5 %,02/01/2036,07/26/2023,07/26/2023,,,,,,,,,,,100,0,60,https://emma.msrb.org/Security/Details/AF59414CAE956AD6CBF6DEA484219A060,2026-02-07T02:29:27.504676+00:00
AE06E87C3251F65041DC822B4AB1319A8,SOUTH CAROLINA JOBS-ECONOMIC DEVELOPMENT AUTHORITY / SOLID WASTE DISPOSAL REVENUE BONDS (LAST STEP RECYCLING PROJECT) TAX-EXEMPT (AMT) SERIES 2021A (GREEN BONDS),SC,14615000,6.25 %,06/01/2040,06/22/2021,06/22/2021,,,,,,,,,,,25,0,131,https://emma.msrb.org/Security/Details/AE06E87C3251F65041DC822B4AB1319A8,2026-02-07T02:32:16.881368+00:00
A86138A56A5767A98278BD341DE541ABE,"NATIONAL FINANCE AUTHORITY / SOLID WASTE DISPOSAL REFUNDING REVENUE BONDS (WASTE MANAGEMENT, INC. PROJECT) SERIES 2019A-4",NH,14350000,4 %,08/01/2038,07/01/2019,07/01/2025,,,,,,,,,,,16,0,29,https://emma.msrb.org/Security/Details/A86138A56A5767A98278BD341DE541ABE,2026-02-07T02:32:57.796864+00:00
AB73C500421120D9B08E7854266E015E4,"CITY OF LOS ANGELES, CALIFORNIA / SOLID WASTE RESOURCES REVENUE BONDS SERIES 2023-A",CA,14060000,5 %,02/01/2035,07/26/2023,07/26/2023,,,,,,,,,,,100,0,60,https://emma.msrb.org/Security/Details/AB73C500421120D9B08E7854266E015E4,2026-02-07T02:33:30.344089+00:00
AB68B92B98AE094D390CE575C5B5D2D7C,"MISSISSIPPI BUSINESS FINANCE CORPORATION / SOLID WASTE DISPOSAL FACILITIES REVENUE REFUNDING BONDS, SERIES 1998 (MISSISSIPPI POWER COMPANY PROJECT)",MS,13520000,3,05/01/2028,05/12/1998,05/21/2020,03/28/2025,,,,,,,,,,100,13,18,https://emma.msrb.org/Security/Details/AB68B92B98AE094D390CE575C5B5D2D7C,2026-02-07T02:36:17.316176+00:00
A2050C75A1DBA10802269D2A21B6FBEC0,"CITY OF LOS ANGELES, CALIFORNIA / SOLID WASTE RESOURCES REVENUE BONDS SERIES 2023-A",CA,13390000,5 %,02/01/2034,07/26/2023,07/26/2023,,,,,,,,,,,100,0,60,https://emma.msrb.org/Security/Details/A2050C75A1DBA10802269D2A21B6FBEC0,2026-02-07T02:38:48.800429+00:00
A57F97492AE7B2E33A090A6648D0D8C24,"WESTERN PLACER WASTE MANAGEMENT AUTHORITY / SOLID WASTE REVENUE BONDS, SERIES 2022A (MATERIALS RECOVERY FACILITY) (GREEN BONDS)",CA,13300000,4 %,06/01/2042,09/06/2022,09/06/2022,,,,,,,,,,,12,0,15,https://emma.msrb.org/Security/Details/A57F97492AE7B2E33A090A6648D0D8C24,2026-02-07T02:39:32.977884+00:00
AFAA37539E454FC62548F7AB91185ADF4,"CITY OF LOS ANGELES, CALIFORNIA / SOLID WASTE RESOURCES REVENUE BONDS SERIES 2023-A",CA,12755000,5 %,02/01/2033,07/26/2023,07/26/2023,,,,,,,,,,,100,0,60,https://emma.msrb.org/Security/Details/AFAA37539E454FC62548F7AB91185ADF4,2026-02-07T02:39:59.610820+00:00
AF5C6F38829F1E97A63E5A4479FD701D1,"CITY OF LOS ANGELES, CALIFORNIA / SOLID WASTE RESOURCES REVENUE BONDS SERIES 2023-A",CA,12145000,5 %,02/01/2032,07/26/2023,07/26/2023,,,,,,,,,,,54,0,60,https://emma.msrb.org/Security/Details/AF5C6F38829F1E97A63E5A4479FD701D1,2026-02-07T02:42:44.012089+00:00
AF15152CAFBB630565786E48D29827D37,"BREVARD COUNTY, FLORIDA / SOLID WASTE MANAGEMENT SYSTEM REVENUE BONDS, SERIES 2023",FL,12030000,5.5 %,09/01/2048,09/21/2023,09/21/2023,,,,,,,,,,,1,0,11,https://emma.msrb.org/Security/Details/AF15152CAFBB630565786E48D29827D37,2026-02-07T02:45:25.299892+00:00
A1921B5FD85B3FC3C29516691B0DA83D8,"PORT OF CORPUS CHRISTI AUTHORITY OF NUECES COUNTY, TEXAS / SOLID WASTE DISPOSAL REVENUE BONDS (FLINT HILLS RESOURCES, LP— WEST PLANT PRO JECT) SERIES 2002B",TX,11700000,3.1,07/01/2029,10/01/2002,05/02/2022,3.1,,,,,,,,,,27,10,7,https://emma.msrb.org/Security/Details/A1921B5FD85B3FC3C29516691B0DA83D8,2026-02-07T02:47:56.227338+00:00
A818C9C62F05041B3BD6248130DF93D5E,"CITY OF LOS ANGELES, CALIFORNIA / SOLID WASTE RESOURCES REVENUE BONDS SERIES 2023-A",CA,11565000,5 %,02/01/2031,07/26/2023,07/26/2023,,,,,,,,,,,100,0,60,https://emma.msrb.org/Security/Details/A818C9C62F05041B3BD6248130DF93D5E,2026-02-07T02:48:21.638948+00:00
A6C22D1EA04F3813C63521582C88BD1C0,"UNION COUNTY IMPROVEMENT AUTHORITY / SOLID WASTE DISPOSAL SUBORDINATED REVENUE BONDS (ARIES LINDEN, LLC PROJECT) SERIES 2021 (AMT) (GREEN BONDS)",NJ,11500000,8.5 %,06/01/2041,04/23/2021,04/23/2021,,,,,,,,,,,1,0,103,https://emma.msrb.org/Security/Details/A6C22D1EA04F3813C63521582C88BD1C0,2026-02-07T02:51:07.337081+00:00
ACB6AEF3EE1168D45015BEDF9DA31BA27,"CITY OF LOS ANGELES, CALIFORNIA / SOLID WASTE RESOURCES REVENUE BONDS SERIES 2023-A",CA,11015000,5 %,02/01/2030,07/26/2023,07/26/2023,,,,,,,,,,,100,0,60,https://emma.msrb.org/Security/Details/ACB6AEF3EE1168D45015BEDF9DA31BA27,2026-02-07T02:51:52.562765+00:00
A2CC5FAB76FA7BBEFEA1CE900D696603B,"CITY OF LOS ANGELES, CALIFORNIA / SOLID WASTE RESOURCES REVENUE BONDS SERIES 2023-A",CA,10495000,5 %,02/01/2029,07/26/2023,07/26/2023,,,,,,,,,,,77,0,60,https://emma.msrb.org/Security/Details/A2CC5FAB76FA7BBEFEA1CE900D696603B,2026-02-07T02:52:37.665038+00:00
AB02B092E8CB5A0AFDF89BCB032BBF065,"PENNSYLVANIA ECONOMIC DEVELOPMENT FINANCING AUTHORITY / SOLID WASTE DISPOSAL REVENUE BONDS (EARTHCARE BETHEL, L.L.C. PROJECT), SERIES 2022A",PA,10345000,8.5 %,12/01/2039,12/29/2022,12/29/2022,,,,,,,,,,,1,0,5,https://emma.msrb.org/Security/Details/AB02B092E8CB5A0AFDF89BCB032BBF065,2026-02-07T02:55:22.223857+00:00
A41714CFEE56A59AD4CF6815BCC901967,COLORADO HOUSING AND FINANCE AUTHORITY / SOLID WASTE RECYCLING REVENUE BONDS (HUDSON ASPHALT TERMINAL PROJECT) FEDERALLY TAXABLE CONVERTIBLE TO TAX-EXEMPT SERIES 2023B,CO,10000000,9.75 %,10/01/2031,10/06/2023,10/06/2023,,,,,,,,,,,1,0,45,https://emma.msrb.org/Security/Details/A41714CFEE56A59AD4CF6815BCC901967,2026-02-07T02:55:45.859733+00:00
AEE00E649B8D59DCE2D14DA97D8838F53,COLORADO HOUSING AND FINANCE AUTHORITY / SOLID WASTE RECYCLING REVENUE BONDS (HUDSON ASPHALT TERMINAL PROJECT) TAX-EXEMPT SERIES 2023A,CO,10000000,7.25 %,10/01/2034,10/06/2023,10/06/2023,,,,,,,,,,,1,0,44,https://emma.msrb.org/Security/Details/AEE00E649B8D59DCE2D14DA97D8838F53,2026-02-07T02:56:16.406620+00:00
AFB99AE387F4FA4B45E9078C2C8B0F4CC,"INDIANA DEVELOPMENT FINANCE AUTHORITY / SOLID WASTE DISPOSAL REVENUE BONDS (WASTE MANAGEMENT, INC PROJECT) SERIES 2001",IN,10000000,4.6 %,10/01/2031,10/01/2001,10/02/2023,,,,,,,,,,,100,0,43,https://emma.msrb.org/Security/Details/AFB99AE387F4FA4B45E9078C2C8B0F4CC,2026-02-07T02:56:45.318842+00:00
AD9E1DE859A01273FDE0B548AD352BCEC,"MISSISSIPPI BUSINESS FINANCE CORPORATION / SOLID WASTE DISPOSAL REVENUE BONDS, (WASTE MANAGEMENT, INC. PROJECT) SERIES 2004",MS,10000000,0.7 %,03/01/2029,02/01/2004,09/01/2021,,,,,,,,,,,100,0,44,https://emma.msrb.org/Security/Details/AD9E1DE859A01273FDE0B548AD352BCEC,2026-02-07T02:59:47.097948+00:00
A8471DFB3F7BAAB9E934A34FFA0EB0888,"MISSISSIPPI BUSINESS FINANCE CORPORATION / SOLID WASTE DISPOSAL REVENUE BONDS, WASTE MANAGEMENT INC PROJECT, SERIES 2002",MS,10000000,4.25 %,03/01/2027,03/01/2002,07/01/2024,,,,,,,,,,,100,0,44,https://emma.msrb.org/Security/Details/A8471DFB3F7BAAB9E934A34FFA0EB0888,2026-02-07T03:00:26.583109+00:00
A1D2A6126F681044BC191A62345B39847,"PENNSYLVANIA ECONOMIC DEVELOPMENT FINANCING AUTHORITY / SUBORDINATE SOLID WASTE DISPOSAL REVENUE BONDS (CARBONLITE P, LLC PROJECT) SERIES 2020",PA,10000000,8.5 %,12/01/2036,09/10/2020,09/10/2020,,,,,,,,,,,2,0,26,https://emma.msrb.org/Security/Details/A1D2A6126F681044BC191A62345B39847,2026-02-07T03:03:04.679090+00:00
A73B0743DCDF08CF94FF80BA8768C74E2,"INDUSTRIAL DEVELOPMENT BOARD OF THE COUNTY OF KNOXVILLE / SOLID WASTE DISPOSAL REVENUE BONDS (TOMPAUL KNOXVILLE, LLC RECYCLING PROJECT) TAX-EXEMPT (AMT) SERIES 2022 (GREN BONDS)",TN,10000000,9.25 %,11/01/2042,12/01/2022,12/01/2022,,,,,,,,,,,3,0,8,https://emma.msrb.org/Security/Details/A73B0743DCDF08CF94FF80BA8768C74E2,2026-02-07T03:03:35.458312+00:00
AB4139C8EED1311589AE1A6AFBF4B0E00,"THE INDUSTRIAL DEVELOPMENT BOARD OF THE METROPOLITAN GOVERNMENT OF NASHVILLE AND DAVIDSON COUNTY / TAX-EXEMPT ADJUSTABLE MODE EXEMPT FACILITIES REVENUE BONDS (WASTE MANAGEMENT, INC. OF TENNESSEE PROJECT) SERIES 2001",TN,10000000,3.875 %,08/01/2031,09/01/2001,08/01/2025,,,,,,,,,,,86,0,46,https://emma.msrb.org/Security/Details/AB4139C8EED1311589AE1A6AFBF4B0E00,2026-02-07T03:04:05.335213+00:00
AFD9232A2136C9505AC101280D68BE43E,"GULF COAST WASTE DISPOSAL AUTHORITY (TEXAS) / SOLID WASTE DISPOSAL REVENUE BONDS (WASTE MANAGEMENT OF TEXAS, INC. DENTON COUNTY PROJECT) SERIES 2003 B",TX,10000000,1.5 %,05/01/2028,04/01/2003,05/03/2021,,,,,,,,,,,100,0,43,https://emma.msrb.org/Security/Details/AFD9232A2136C9505AC101280D68BE43E,2026-02-07T03:04:54.821492+00:00
A5933A88B91DDC311F87020356E40AECC,"INDUSTRIAL DEVELOPMENT AUTHORITY OF GLOUCESTER COUNTY, VIRGINIA / VARIABLE RATE DEMAND SOLID WASTE DISPOSAL REVENUE BONDS, (WASTE MANAGEMENT DISPOSAL SERVICES OF VIRGINIA, INC. PROJECT) SERIES 2003A",VA,10000000,4.25 %,09/01/2038,09/09/2003,05/01/2023,,,,,,,,,,,100,0,44,https://emma.msrb.org/Security/Details/A5933A88B91DDC311F87020356E40AECC,2026-02-07T03:05:32.176152+00:00
A022850E2556B97836471247BD5F29783,"INDUSTRIAL DEVELOPMENT AUTHORITY OF THE COUNTY OF CHARLES CITY / VARIABLE RATE DEMAND SOLID WASTE DISPOSAL REVENUE BONDS, (WASTE MANAGEMENT OF VIRGINIA, INC. PROJECT) SERIES 2003A",VA,10000000,4.25 %,08/01/2027,08/07/2003,05/01/2023,,,,,,,,,,,57,0,45,https://emma.msrb.org/Security/Details/A022850E2556B97836471247BD5F29783,2026-02-07T03:06:10.883570+00:00
AA47C21DEFDD0190ECBB39A1502CFE66C,"INDUSTRIAL DEVELOPMENT AUTHORITY OF THE COUNTY OF CHARLES CITY, VIRGINIA / TAX-EXEMPT ADJUSTABLE MODE SOLID WASTE DISPOSAL REVENUE BONDS, WASTE MANAGEMENT INC PROJECT, SERIES 2002",VA,10000000,1.45 %,04/01/2027,04/11/2002,04/01/2021,,,,,,,,,,,100,0,41,https://emma.msrb.org/Security/Details/AA47C21DEFDD0190ECBB39A1502CFE66C,2026-02-07T03:08:46.587972+00:00
ABE1824D5F3982C34D53740C8830C3077,"INDUSTRIAL DEVELOPMENT AUTHORITY OF THE COUNTY OF SUSSEX / VARIABLE RATE DEMAND SOLID WASTE DISPOSAL REVENUE BONDS, (ATLANTIC WASTE DISPOSAL, INC. PROJECT) SERIES 2003A",VA,10000000,4.25 %,06/01/2028,06/20/2003,05/01/2023,,,,,,,,,,,100,0,42,https://emma.msrb.org/Security/Details/ABE1824D5F3982C34D53740C8830C3077,2026-02-07T03:09:24.681688+00:00
A8B8A8D38C953BA4057B5F854A0A2FB18,"PUBLIC FINANCE AUTHORITY / SOLID WASTE DISPOSAL REFUNDING REVENUE BONDS (WASTE MANAGEMENT, INC. PROJECT) SERIES 2016A-1, 2016A-2, 2016A-3 AND 2016A-4",WI,10000000,1.1 %,04/01/2033,05/18/2016,06/01/2021,,,,,,,,,,,11,0,33,https://emma.msrb.org/Security/Details/A8B8A8D38C953BA4057B5F854A0A2FB18,2026-02-07T03:10:02.348044+00:00
AA24FA5431600963BBC2C77CAF138D245,"PUBLIC FINANCE AUTHORITY / VARIABLE RATE DEMAND SOLID WASTE DISPOSAL REVENUE BONDS, SERIES 2023 (COLEMAN PONDEROSA LLC PROJECT)",WI,10000000,2.4,07/01/2048,07/11/2023,07/11/2023,2.4,,,,,,,,,,1,10,8,https://emma.msrb.org/Security/Details/AA24FA5431600963BBC2C77CAF138D245,2026-02-07T03:10:32.546288+00:00
ADFB528C377F5B3A9095445295E76C958,"CITY OF LOS ANGELES, CALIFORNIA / SOLID WASTE RESOURCES REVENUE BONDS SERIES 2023-A",CA,9990000,5 %,02/01/2028,07/26/2023,07/26/2023,,,,,,,,,,,100,0,60,https://emma.msrb.org/Security/Details/ADFB528C377F5B3A9095445295E76C958,2026-02-07T03:12:57.044293+00:00
A7FCA81826B404DBFCE61852ADFC1335F,"CITY OF LOS ANGELES, CALIFORNIA / SOLID WASTE RESOURCES REVENUE BONDS SERIES 2023-A",CA,9515000,5 %,02/01/2027,07/26/2023,07/26/2023,,,,,,,,,,,100,0,60,https://emma.msrb.org/Security/Details/A7FCA81826B404DBFCE61852ADFC1335F,2026-02-07T03:15:42.556746+00:00
AE3EA0FF5A1D9D144009119A961CB2A1D,"GUADALUPE-BLANCO RIVER AUTHORITY (A POLITICAL SUBDIVISION OF THE STATE OF TEXAS) / REVENUE IMPROVEMENT BONDS, SERIES 2024 (STEIN FALLS WASTEWATER SYSTEM PROJECT)",TX,9260000,4.25 %,08/15/2054,12/01/2024,12/12/2024,,,,,,,,,,,100,0,5,https://emma.msrb.org/Security/Details/AE3EA0FF5A1D9D144009119A961CB2A1D,2026-02-07T03:18:24.890019+00:00
AEB9B3DA8283D49E7133D47D2B1CBADF8,"HILLSBOROUGH COUNTY, FLORIDA / SOLID WASTE AND RESOURCE RECOVERY REVENUE BONDS, SERIES 2025A (AMT)",FL,9090000,5.25 %,09/01/2050,02/12/2025,02/12/2025,,,,,,,,,,,95,0,1,https://emma.msrb.org/Security/Details/AEB9B3DA8283D49E7133D47D2B1CBADF8,2026-02-07T03:19:09.040618+00:00
A33BF6D029A901FA565DDB6AF993B00F3,"FORD COUNTY, KANSAS / VARIABLE RATE DEMAND SOLID WASTE DISPOSAL REVENUE BONDS, SERIES A, 2024, (BOWMAN ENTERPRISES, LLC PROJECT)",KS,8800000,2.4,08/01/2054,08/28/2024,08/28/2024,2.4,,,,,,,,,,1,10,6,https://emma.msrb.org/Security/Details/A33BF6D029A901FA565DDB6AF993B00F3,2026-02-07T03:21:41.605626+00:00
A58CC087EC269E89DC888C04199C6B637,"SOUTH DAKOTA ECONOMIC DEVELOPMENT FINANCE AUTHORITY / VARIABLE RATE DEMAND SOLID WASTE DISPOSAL REVENUE BONDS (COUNTY LINE DAIRY, LLC PROJECT), SERIES 2024",SD,8780000,2.4,04/01/2052,04/04/2024,04/04/2024,2.4,,,,,,,,,,1,10,7,https://emma.msrb.org/Security/Details/A58CC087EC269E89DC888C04199C6B637,2026-02-07T03:22:06.070222+00:00
AB37BCB2632FC577B2BFDF9845BACEB0F,"CHIPPEWA COUNTY, MINNESOTA / SOLID WASTE DISPOSAL REVENUE BONDS, (RIVERVIEW, LLP PROJECT), SERIES 2025",MN,8675000,2.4,05/01/2055,05/14/2025,05/14/2025,2.4,,,,,,,,,,1,10,10,https://emma.msrb.org/Security/Details/AB37BCB2632FC577B2BFDF9845BACEB0F,2026-02-07T03:24:32.359488+00:00
A3654D83E7F1ECEC21F62EB420B4F77A1,"MINNESOTA AGRICULTURAL AND ECONOMIC DEVELOPMENT BOARD / SOLID WASTE DISPOSAL REVENUE BONDS, (SPECTRO ALLOYS PROJECT), SERIES 2025",MN,8675000,2.4,05/01/2055,05/14/2025,05/14/2025,2.4,,,,,,,,,,2,10,4,https://emma.msrb.org/Security/Details/A3654D83E7F1ECEC21F62EB420B4F77A1,2026-02-07T03:24:58.278446+00:00
A5531EF4EF979E8E28C5B34A45974D31D,"UNION COUNTY IMPROVEMENT AUTHORITY / SOLID WASTE DISPOSAL SUBORDINATED REVENUE BONDS (ARIES LINDEN, LLC PROJECT) SERIES 2023 (AMT)",NJ,8500000,12.5 %,06/01/2041,12/29/2023,12/29/2023,,,,,,,,,,,0,0,52,https://emma.msrb.org/Security/Details/A5531EF4EF979E8E28C5B34A45974D31D,2026-02-07T03:25:23.260895+00:00
A3251E5E2D0A54C15D02A08418B5434B7,"SOUTH UTAH VALLEY SOLID WASTE DISTRICT, UTAH / SOLID WASTE MANAGEMENT REVENUE BONDS SERIES 2022",UT,8105000,5 %,04/15/2052,04/21/2022,04/21/2022,,,,,,,,,,,100,0,13,https://emma.msrb.org/Security/Details/A3251E5E2D0A54C15D02A08418B5434B7,2026-02-07T03:25:52.703433+00:00
A3588493DFDC67AD7207CF67649E76DEC,"GUADALUPE BLANCO RIVER AUTHORITY (A POLITICAL SUBDIVISION OF THE STATE OF TEXAS) / REVENUE IMPROVEMENT BONDS, SERIES 2022 (SUNFIELD WASTEWATER SYSTEM PROJECT)",TX,8045000,5 %,08/15/2052,10/15/2022,11/30/2022,,,,,,,,,,,100,0,17,https://emma.msrb.org/Security/Details/A3588493DFDC67AD7207CF67649E76DEC,2026-02-07T03:26:25.518356+00:00
A463E7B905E3D1D78EC0E5CD06C252733,IOWA FINANCE AUTHORITY / VARIABLE RATE DEMAND SOLID WASTE DISPOSAL REVENUE BONDS (SHELL ROCK SOY PROCESSING LLC PROJECT) SERIES 2025,IA,8000000,2.21,05/01/2046,05/28/2025,05/28/2025,2.21,,,,,,,,,,1,10,2,https://emma.msrb.org/Security/Details/A463E7B905E3D1D78EC0E5CD06C252733,2026-02-07T03:29:18.794188+00:00
