id,name,type,text
__EVENTTARGET,__EVENTTARGET,hidden,
__EVENTARGUMENT,__EVENTARGUMENT,hidden,
__VIEWSTATE,__VIEWSTATE,hidden,
__VIEWSTATEGENERATOR,__VIEWSTATEGENERATOR,hidden,
__EVENTVALIDATION,__EVENTVALIDATION,hidden,
,,,
popup1close,,,
keep_session,,button,
sessionExpireTimeInMilliSecond,ctl00$Masthead$dlfLogOnInfo$sessionExpireTimeInMilliSecond,hidden,
sessionWarningTimeInMilliSecond,ctl00$Masthead$dlfLogOnInfo$sessionWarningTimeInMilliSecond,hidden,
userSignedOut,ctl00$Masthead$dlfLogOnInfo$userSignedOut,hidden,
emmaHelpLink,,,EMMA Help
contactUsLink,,,Contact Us
ctl00_Masthead_quickSearchText,ctl00$Masthead$quickSearchText,text,
ctl00_Masthead_quickSearchButton,ctl00$Masthead$quickSearchButton,image,
,,,Advanced Search
ctl00_Masthead_browseIssuers,,,Browse Issuers
toolsAndResLink,,,Tools and Resources
,,,
,,,
toolsMyEmmaLink,,,
,,,
,,,
,,,
fredEco,,,
ctl00_Masthead_marketActivityLink,,,Market Activity
ctl00_Masthead_tradeDataLink,,,
ctl00_Masthead_YieldCurveIndicesLink,,,
officialStatements,,,
viewStatistics,,,
recentPS_New,,,
recentARS,,,
recentCD,,,
recentVRDO,,,
recentAR,,,
politicalContributions,,,
savingsPlan,,,
myEmmaLink,,,MyEMMA®
ssoMyEmmaAlerts,,,
ssoSavedSearches,,,
ssoDataportLink,,,EMMA Dataport
zoomOut,,,A-
zoomIn,,,A+
,,,
,,,
,,,
,,button,
,,,
,,,Home
,,,MSRBSupport@msrb.org
,,,MSRBSupport@msrb.org
,,,Privacy Policy (below)
,,,Privacy Policy
ctl00_mainContentArea_disclaimerContent_yesButton,ctl00$mainContentArea$disclaimerContent$yesButton,submit,
ctl00_mainContentArea_disclaimerContent_noButton,ctl00$mainContentArea$disclaimerContent$noButton,submit,
,,,Privacy Policy
,,,Privacy Policy
acceptId,,button,Accept
,,,
,,,About EMMA
,,,Sitemap
,,,Privacy Policy
,,,Terms of Use
,,,DMCA Policy
,,,MSRB.org
,,,MSRB Systems Status
,,,ICE Data Pricing & Reference Data  LLC.
,,,CUSIP Global Services
,,,American Bankers Association
fitchToolTip,,,Fitch Ratings  Inc
kbraToolTip,,,Kroll Bond Rating Agency  Inc.  and/or its licensors and affiliates (together  "
moodysToolTip,,,Moody's Corporation  Moody's Investors Service  Inc.  Moody's Analytics  Inc. an
snpToolTip,,,Standard and Poor’s Financial Services LLC
,,button,
logOutDlgYes,,button,
logOutDlgNo,,button,