issuer,closing_month,project,address,state,amount_financed,sector_guess,closed,entity_type,sponsor,source,source_url,retrieved
Phoenix Industrial Development Authority,Jul-2025,Broadway Farms,"4201 S. 91st Ave., Phoenix, AZ",AZ,51500000,housing,Y,unknown_until_sponsor_resolved,,issuer-published transaction list,https://phoenixida.com/bond-financing-process/bond-transactions/,2026-09-10
Phoenix Industrial Development Authority,Jun-2025,Emory Heights,"5307/5245 N. 17th Ave., Phoenix, AZ",AZ,14600000,housing,Y,unknown_until_sponsor_resolved,,issuer-published transaction list,https://phoenixida.com/bond-financing-process/bond-transactions/,2026-09-10
Phoenix Industrial Development Authority,Dec-2024,Brooks Rehabilitation,"5777 E. Mayo Blvd., Phoenix, AZ",AZ,80545000,healthcare,Y,unknown_until_sponsor_resolved,,issuer-published transaction list,https://phoenixida.com/bond-financing-process/bond-transactions/,2026-09-10
Phoenix Industrial Development Authority,Dec-2024,Memorial Towers,"1405 S. 7th Ave., Phoenix, AZ",AZ,33997229,housing,Y,unknown_until_sponsor_resolved,,issuer-published transaction list,https://phoenixida.com/bond-financing-process/bond-transactions/,2026-09-10
Phoenix Industrial Development Authority,Oct-2024,Glendale Apartments,"6819 N. 27th Ave., Phoenix, AZ",AZ,10940000,housing,Y,unknown_until_sponsor_resolved,,issuer-published transaction list,https://phoenixida.com/bond-financing-process/bond-transactions/,2026-09-10
Phoenix Industrial Development Authority,May-2024,"GW-SLB II, LLC (Goodwill Retail Store)","8517 W. Grand Ave., Peoria, AZ",AZ,6400500,industrial_or_other,Y,unknown_until_sponsor_resolved,,issuer-published transaction list,https://phoenixida.com/bond-financing-process/bond-transactions/,2026-09-10
Phoenix Industrial Development Authority,May-2024,"AGES-SLB, LLC (Goodwill Excel Center)","4837 E. McDowell Road, Phoenix, AZ",AZ,4462500,industrial_or_other,Y,unknown_until_sponsor_resolved,,issuer-published transaction list,https://phoenixida.com/bond-financing-process/bond-transactions/,2026-09-10
Phoenix Industrial Development Authority,Oct-2023,Residences at Falcon Park,"1220 N. 34th Ave., Phoenix, AZ",AZ,30000000,housing,Y,unknown_until_sponsor_resolved,,issuer-published transaction list,https://phoenixida.com/bond-financing-process/bond-transactions/,2026-09-10
Phoenix Industrial Development Authority,Aug-2023,La Esperanza Terrace (formerly Bret Tarver Terrace),"3101 W. McDowell Road, Phoenix, AZ",AZ,18400000,housing,Y,unknown_until_sponsor_resolved,,issuer-published transaction list,https://phoenixida.com/bond-financing-process/bond-transactions/,2026-09-10
Phoenix Industrial Development Authority,Jul-2023,Pueblo Apartments,"316 W. Broadway Rd., Phoenix, AZ",AZ,24200000,housing,Y,unknown_until_sponsor_resolved,,issuer-published transaction list,https://phoenixida.com/bond-financing-process/bond-transactions/,2026-09-10
Phoenix Industrial Development Authority,Apr-2023,Foothills Village Apartments,"920 W. Alta Vista Rd., Phoenix, AZ",AZ,3000000,housing,Y,unknown_until_sponsor_resolved,,issuer-published transaction list,https://phoenixida.com/bond-financing-process/bond-transactions/,2026-09-10
Phoenix Industrial Development Authority,Nov-2022,Rowan University,"Rowan Boulevard, Glassboro, NJ",NJ,205390000,education,Y,unknown_until_sponsor_resolved,,issuer-published transaction list,https://phoenixida.com/bond-financing-process/bond-transactions/,2026-09-10
Phoenix Industrial Development Authority,May-2022,Overland Crossing,"11900 - 12070 Metcalf Ave., Overland, KS",KS,15800000,housing,Y,unknown_until_sponsor_resolved,,issuer-published transaction list,https://phoenixida.com/bond-financing-process/bond-transactions/,2026-09-10
Phoenix Industrial Development Authority,Apr-2022,Harmony at the Park II,"600 N. 20th St., Phoenix, AZ",AZ,24000000,housing,Y,unknown_until_sponsor_resolved,,issuer-published transaction list,https://phoenixida.com/bond-financing-process/bond-transactions/,2026-09-10
Phoenix Industrial Development Authority,Apr-2022,Mayo ClinicH,"5777 E. Mayo Blvd., Phoenix, AZ",AZ,298650000,healthcare,Y,unknown_until_sponsor_resolved,,issuer-published transaction list,https://phoenixida.com/bond-financing-process/bond-transactions/,2026-09-10
Phoenix Industrial Development Authority,Jan-2022,"The Provident Group - Falcon Properties LLC Project ""USAFA Hotel""","Colorado Springs, CO",CO,231891600,unknown,Y,unknown_until_sponsor_resolved,,issuer-published transaction list,https://phoenixida.com/bond-financing-process/bond-transactions/,2026-09-10
Phoenix Industrial Development Authority,Sep-2021,Chicanos Por La Causa (CPLC) Phoenix Memorial Redevelopment Project,"1201 and 1301 South 7th Avenue, and 515 West Buckeye Road in Phoenix, AZ",AZ,42000000,unknown,Y,unknown_until_sponsor_resolved,,issuer-published transaction list,https://phoenixida.com/bond-financing-process/bond-transactions/,2026-09-10
Phoenix Industrial Development Authority,Jun-2021,Mesquite TerraceX,"5033, 5039, 5045, 5107 N. 19th Ave., Phoenix, AZ",AZ,48000000,housing,Y,unknown_until_sponsor_resolved,,issuer-published transaction list,https://phoenixida.com/bond-financing-process/bond-transactions/,2026-09-10
Phoenix Industrial Development Authority,Nov-2020,Soluna II,"1825 E. Roosevelt St., Phoenix, AZ",AZ,8000000,unknown,Y,unknown_until_sponsor_resolved,,issuer-published transaction list,https://phoenixida.com/bond-financing-process/bond-transactions/,2026-09-10
Phoenix Industrial Development Authority,Oct-2020,ASU Preparatory Academy,"5610 S. Central Ave., Phoenix, AZ 4441, 4447, 4453 S. 12th St., Phoenix, AZ",AZ,4335000,education,Y,unknown_until_sponsor_resolved,,issuer-published transaction list,https://phoenixida.com/bond-financing-process/bond-transactions/,2026-09-10
Phoenix Industrial Development Authority,Sep-2020,Northwest Christian School,"16401 N. 43rd Ave., Phoenix, AZ",AZ,7395000,education,Y,unknown_until_sponsor_resolved,,issuer-published transaction list,https://phoenixida.com/bond-financing-process/bond-transactions/,2026-09-10
Phoenix Industrial Development Authority,Dec-2019,Arizona State University - Downtown Phoenix Student Housing II,"Southwest corner of Fillmore Street and First Avenue in Phoenix, Arizona",AZ,61810000,education,Y,unknown_until_sponsor_resolved,,issuer-published transaction list,https://phoenixida.com/bond-financing-process/bond-transactions/,2026-09-10
Phoenix Industrial Development Authority,Oct-2019,Goodwill of Central and Northern Arizona                                                          H18X0A,"2626 W. Beryl Ave., Phoenix, AZ 14063 N. Grand Ave., Surprise, AZ",AZ,18000000,industrial_or_other,Y,unknown_until_sponsor_resolved,,issuer-published transaction list,https://phoenixida.com/bond-financing-process/bond-transactions/,2026-09-10
Phoenix Industrial Development Authority,Aug-2019,Rowan University,"Rowan Boulevard, Glassboro, NJ",NJ,191425000,education,Y,unknown_until_sponsor_resolved,,issuer-published transaction list,https://phoenixida.com/bond-financing-process/bond-transactions/,2026-09-10
Phoenix Industrial Development Authority,May-2019,Leman Academy of Excellence,"12255 N. La Canada Dr., Oro Valley, AZ",AZ,8385000,education,Y,unknown_until_sponsor_resolved,,issuer-published transaction list,https://phoenixida.com/bond-financing-process/bond-transactions/,2026-09-10
Phoenix Industrial Development Authority,Apr-2019,Summit School                                                                                                   A,"4515 East Muirwood Dr., Phoenix, AZ",AZ,8700000,education,Y,unknown_until_sponsor_resolved,,issuer-published transaction list,https://phoenixida.com/bond-financing-process/bond-transactions/,2026-09-10
Phoenix Industrial Development Authority,Jan-2019,Arizona School for the Arts,"1410 N 3rd St, Phoenix, AZ 85004",AZ,10620000,education,Y,unknown_until_sponsor_resolved,,issuer-published transaction list,https://phoenixida.com/bond-financing-process/bond-transactions/,2026-09-10
Phoenix Industrial Development Authority,Oct-2018,Leman Academy of Excellence,"12255 N. La Canada Dr., Oro Valley, AZ",AZ,21515000,education,Y,unknown_until_sponsor_resolved,,issuer-published transaction list,https://phoenixida.com/bond-financing-process/bond-transactions/,2026-09-10
Phoenix Industrial Development Authority,Oct-2018,Vista College Preparatory,"812 and 901 S. 6th Ave., Phoenix, AZ 4510 and 4520 W. McDowell Rd., Phoenix, AZ",AZ,10500000,education,Y,unknown_until_sponsor_resolved,,issuer-published transaction list,https://phoenixida.com/bond-financing-process/bond-transactions/,2026-09-10
Phoenix Industrial Development Authority,May-2018,Arizona State University - Downtown Phoenix Student HousingH1X0A,"120 E. Taylor St., Phoenix, AZ",AZ,104355000,education,Y,unknown_until_sponsor_resolved,,issuer-published transaction list,https://phoenixida.com/bond-financing-process/bond-transactions/,2026-09-10
Phoenix Industrial Development Authority,May-2018,Ball Charter Schools (Val Vista)                                                                          H10AX,"4120 S. Val Vista Dr., Gilbert, AZ A109HX",AZ,7350000,education,Y,unknown_until_sponsor_resolved,,issuer-published transaction list,https://phoenixida.com/bond-financing-process/bond-transactions/,2026-09-10
Phoenix Industrial Development Authority,Oct-2017,Legacy Traditional Schools - Phoenix Campus,"Northeast corner of N. 99th Ave. and W. Campbell Ave., Phoenix, AZ",AZ,25775000,education,Y,unknown_until_sponsor_resolved,,issuer-published transaction list,https://phoenixida.com/bond-financing-process/bond-transactions/,2026-09-10
Phoenix Industrial Development Authority,Sep-2017,Legacy Traditional Schools-East Mesa Campus,"Southwest corner of S. Signal Butte Rd. and E. Guadalupe Rd., Mesa, AZ",AZ,21690000,education,Y,unknown_until_sponsor_resolved,,issuer-published transaction list,https://phoenixida.com/bond-financing-process/bond-transactions/,2026-09-10
Phoenix Industrial Development Authority,Sep-2017,Legacy Traditional Schools-Cadence Campus,"Northwest corner of E. Lake Mead Pkwy. and Pawnee Ln., Henderson, NV",NV,22615000,education,Y,unknown_until_sponsor_resolved,,issuer-published transaction list,https://phoenixida.com/bond-financing-process/bond-transactions/,2026-09-10
Phoenix Industrial Development Authority,Jul-2017,Broadway Terrace Apartments,"12815 N. 28th Dr., Phoenix, AZ",AZ,8700000,housing,Y,unknown_until_sponsor_resolved,,issuer-published transaction list,https://phoenixida.com/bond-financing-process/bond-transactions/,2026-09-10
Phoenix Industrial Development Authority,Jun-2017,La Palmilla Apartments,"3838 W. Camelback Rd., Phoenix, AZ",AZ,14775000,housing,Y,unknown_until_sponsor_resolved,,issuer-published transaction list,https://phoenixida.com/bond-financing-process/bond-transactions/,2026-09-10
Phoenix Industrial Development Authority,Nov-2016,Legacy Traditional Schools-Surprise Campus,"14506 W. Sweetwater Ave., Surprise, AZ",AZ,24310000,education,Y,unknown_until_sponsor_resolved,,issuer-published transaction list,https://phoenixida.com/bond-financing-process/bond-transactions/,2026-09-10
Phoenix Industrial Development Authority,Nov-2016,Legacy Traditional Schools-Laveen Campus,"7900 S. 43rd Ave., Laveen, AZ",AZ,5880000,education,Y,unknown_until_sponsor_resolved,,issuer-published transaction list,https://phoenixida.com/bond-financing-process/bond-transactions/,2026-09-10
Phoenix Industrial Development Authority,Nov-2016,Legacy Traditional Schools-Peoria Campus,"7877 W. Hillcrest Blvd., Peoria, AZ",AZ,12380000,education,Y,unknown_until_sponsor_resolved,,issuer-published transaction list,https://phoenixida.com/bond-financing-process/bond-transactions/,2026-09-10
Phoenix Industrial Development Authority,Nov-2016,Legacy Traditional Schools-North Valley Campus,"5025 Valley Drive, North Las Vegas, NV",NV,22865000,education,Y,unknown_until_sponsor_resolved,,issuer-published transaction list,https://phoenixida.com/bond-financing-process/bond-transactions/,2026-09-10
Phoenix Industrial Development Authority,Nov-2016,Legacy Traditional Schools-North Chandler Campus,"1900 N. McQueen Rd., Chandler, AZ",AZ,17475000,education,Y,unknown_until_sponsor_resolved,,issuer-published transaction list,https://phoenixida.com/bond-financing-process/bond-transactions/,2026-09-10
Phoenix Industrial Development Authority,Nov-2016,Legacy Traditional Schools-Glendale Campus,"13901 N. 67th Ave., Glendale, AZ",AZ,16850000,education,Y,unknown_until_sponsor_resolved,,issuer-published transaction list,https://phoenixida.com/bond-financing-process/bond-transactions/,2026-09-10
Phoenix Industrial Development Authority,Oct-2016,3rd and Indian School Assisted Living Project,"4000 N. 3rd Ave., Phoenix, AZ",AZ,29500000,housing,Y,unknown_until_sponsor_resolved,,issuer-published transaction list,https://phoenixida.com/bond-financing-process/bond-transactions/,2026-09-10
Phoenix Industrial Development Authority,Sep-2016,KIPP Tech Valley Charter School,"1 Dudley Heights, Albany, NY",NY,12000000,education,Y,unknown_until_sponsor_resolved,,issuer-published transaction list,https://phoenixida.com/bond-financing-process/bond-transactions/,2026-09-10
Phoenix Industrial Development Authority,Aug-2016,Deer Valley Veterans Assisted Living Project,"2641 W. Union Hills Dr., Phoenix, AZ",AZ,21540000,housing,Y,unknown_until_sponsor_resolved,,issuer-published transaction list,https://phoenixida.com/bond-financing-process/bond-transactions/,2026-09-10
Phoenix Industrial Development Authority,Apr-2016,"Ridgeline Academy, Inc.","33625 N. North Valley Pkwy., Phoenix, AZ",AZ,6940000,education,Y,unknown_until_sponsor_resolved,,issuer-published transaction list,https://phoenixida.com/bond-financing-process/bond-transactions/,2026-09-10
Phoenix Industrial Development Authority,Apr-2016,"Freedom Academy, Inc.","3916 E. Paradise Lane, Phoenix, AZ",AZ,6160000,education,Y,unknown_until_sponsor_resolved,,issuer-published transaction list,https://phoenixida.com/bond-financing-process/bond-transactions/,2026-09-10
Phoenix Industrial Development Authority,Mar-2016,Eastern Kentucky University ProjectX0A53H,"205 Barnes Mill Rd., Richmond, KY",KY,58955000,education,Y,unknown_until_sponsor_resolved,,issuer-published transaction list,https://phoenixida.com/bond-financing-process/bond-transactions/,2026-09-10
Phoenix Industrial Development Authority,Mar-2016,Great Hearts Academies - North Phoenix Preparatory Academy/Archway,"Classical Academy - North Phoenix 13613 N. Cave Creek Rd., Phoenix, AZ",AZ,19355000,education,Y,unknown_until_sponsor_resolved,,issuer-published transaction list,https://phoenixida.com/bond-financing-process/bond-transactions/,2026-09-10
Phoenix Industrial Development Authority,Mar-2016,Great Hearts Academies - Scottsdale Preparatory Academy,"16537 N. 92nd St., Scottsdale, AZ",AZ,15650000,education,Y,unknown_until_sponsor_resolved,,issuer-published transaction list,https://phoenixida.com/bond-financing-process/bond-transactions/,2026-09-10
Phoenix Industrial Development Authority,Mar-2016,Great Hearts Academies - Glendale Preparatory Academy/Archway Classical X0A54H,"Academy - Glendale 23276 N. 83rd Ave., Ste. 1, Peoria, AZ",AZ,13460000,education,Y,unknown_until_sponsor_resolved,,issuer-published transaction list,https://phoenixida.com/bond-financing-process/bond-transactions/,2026-09-10
Phoenix Industrial Development Authority,Feb-2016,Villa Montessori School,"2802 E. Meadowbrook Ave., Phoenix, AZ 4535 N. 28th St., Phoenix, AZ",AZ,8625000,education,Y,unknown_until_sponsor_resolved,,issuer-published transaction list,https://phoenixida.com/bond-financing-process/bond-transactions/,2026-09-10
Phoenix Industrial Development Authority,Jan-2016,"BASIS Schools, Inc. - Chandler Campus","1800 E. Chandler Blvd., Chandler, AZ",AZ,15060000,education,Y,unknown_until_sponsor_resolved,,issuer-published transaction list,https://phoenixida.com/bond-financing-process/bond-transactions/,2026-09-10
Phoenix Industrial Development Authority,Jan-2016,"BASIS Schools, Inc. - Chandler Primary North Campus","204 W. Chandler Heights Rd.., Chandler, AZ",AZ,2155000,education,Y,unknown_until_sponsor_resolved,,issuer-published transaction list,https://phoenixida.com/bond-financing-process/bond-transactions/,2026-09-10
Phoenix Industrial Development Authority,Jan-2016,"BASIS Schools, Inc. - Oro Valley Primary Campus","11155 N. Oracle Rd., Oro Valley, AZ",AZ,10270000,education,Y,unknown_until_sponsor_resolved,,issuer-published transaction list,https://phoenixida.com/bond-financing-process/bond-transactions/,2026-09-10
Phoenix Industrial Development Authority,Jan-2016,"BASIS Schools, Inc. - Scottsdale Campus","11440 N. 136th St., Scottsdale, AZ",AZ,20110000,education,Y,unknown_until_sponsor_resolved,,issuer-published transaction list,https://phoenixida.com/bond-financing-process/bond-transactions/,2026-09-10
Phoenix Industrial Development Authority,Jan-2016,"BASIS Schools, Inc. - Scottsdale Primary Campus","11735 N. Scottsdale Rd., Scottsdale, AZ",AZ,2675000,education,Y,unknown_until_sponsor_resolved,,issuer-published transaction list,https://phoenixida.com/bond-financing-process/bond-transactions/,2026-09-10
Phoenix Industrial Development Authority,Jan-2016,"BASIS Schools, Inc. - D.C. Campus","410 8th St., N.W., Washington, D.C.",AZ,33890000,education,Y,unknown_until_sponsor_resolved,,issuer-published transaction list,https://phoenixida.com/bond-financing-process/bond-transactions/,2026-09-10
Phoenix Industrial Development Authority,Apr-2015,Legacy Traditional School - Maricopa,"17760 N. Regent Dr., Maricopa, AZ",AZ,20300000,education,Y,unknown_until_sponsor_resolved,,issuer-published transaction list,https://phoenixida.com/bond-financing-process/bond-transactions/,2026-09-10
Phoenix Industrial Development Authority,Apr-2015,Legacy Traditional School - Gilbert,"2747 S. Recker Rd., Gilbert, AZ",AZ,20400000,education,Y,unknown_until_sponsor_resolved,,issuer-published transaction list,https://phoenixida.com/bond-financing-process/bond-transactions/,2026-09-10
Phoenix Industrial Development Authority,Mar-2015,Pinnacle Pointe AcademyX,"6753 W. Pinnacle Peak Rd., Glendale AZ",AZ,2900000,housing,Y,unknown_until_sponsor_resolved,,issuer-published transaction list,https://phoenixida.com/bond-financing-process/bond-transactions/,2026-09-10
Phoenix Industrial Development Authority,Mar-2015,Canyon Pointe Academy,"4941 W. Union Hills Rd., Glendale, AZ",AZ,2500000,housing,Y,unknown_until_sponsor_resolved,,issuer-published transaction list,https://phoenixida.com/bond-financing-process/bond-transactions/,2026-09-10
Phoenix Industrial Development Authority,Mar-2015,North Pointe PrepX0A43H,"10215 N. 43rd Ave., Phoenix, AZ",AZ,12700000,housing,Y,unknown_until_sponsor_resolved,,issuer-published transaction list,https://phoenixida.com/bond-financing-process/bond-transactions/,2026-09-10
Phoenix Industrial Development Authority,Mar-2015,Elko Convention Center Project,"700 Moren Way, Elko, NV",NV,9000000,industrial_or_other,Y,unknown_until_sponsor_resolved,,issuer-published transaction list,https://phoenixida.com/bond-financing-process/bond-transactions/,2026-09-10
Phoenix Industrial Development Authority,Mar-2015,"BASIS Schools, Inc. - Chandler Primary & Scottsdale Primary","204 W. Chandler Heights Rd., Chandler, AZ 11735 N. Scottsdale Rd., Scottsdale, AZ",AZ,1400000,education,Y,unknown_until_sponsor_resolved,,issuer-published transaction list,https://phoenixida.com/bond-financing-process/bond-transactions/,2026-09-10
Phoenix Industrial Development Authority,Mar-2015,"BASIS Schools, Inc. - Goodyear","15800 W. Sherman St., Goodyear, AZ",AZ,13000000,education,Y,unknown_until_sponsor_resolved,,issuer-published transaction list,https://phoenixida.com/bond-financing-process/bond-transactions/,2026-09-10
Phoenix Industrial Development Authority,Mar-2015,"BASIS Schools, Inc. - Tucson","3825 E. 2nd St., Tucson, AZ",AZ,16100000,education,Y,unknown_until_sponsor_resolved,,issuer-published transaction list,https://phoenixida.com/bond-financing-process/bond-transactions/,2026-09-10
Phoenix Industrial Development Authority,Mar-2015,"BASIS Schools, Inc. - Tucson North","5740 E. River Rd., Tucson, AZ",AZ,12100000,education,Y,unknown_until_sponsor_resolved,,issuer-published transaction list,https://phoenixida.com/bond-financing-process/bond-transactions/,2026-09-10
Phoenix Industrial Development Authority,Mar-2015,"BASIS Schools, Inc. - Scottsdale","11440 N. 136th St., Scottsdale, AZ",AZ,9100000,education,Y,unknown_until_sponsor_resolved,,issuer-published transaction list,https://phoenixida.com/bond-financing-process/bond-transactions/,2026-09-10
Phoenix Industrial Development Authority,Mar-2015,"BASIS Schools, Inc. - Phoenix","11850 N. 32nd St., Phoenix, AZ",AZ,9200000,education,Y,unknown_until_sponsor_resolved,,issuer-published transaction list,https://phoenixida.com/bond-financing-process/bond-transactions/,2026-09-10
Phoenix Industrial Development Authority,Mar-2015,"BASIS Schools, Inc. - Peoria X","25950 N. Lake Pleasant Pkwy., Peoria, AZ",AZ,7300000,education,Y,unknown_until_sponsor_resolved,,issuer-published transaction list,https://phoenixida.com/bond-financing-process/bond-transactions/,2026-09-10
Phoenix Industrial Development Authority,Mar-2015,"BASIS Schools, Inc. - Oro Valley","11155 N. Oracle Rd., Oro Valley, AZ",AZ,6100000,education,Y,unknown_until_sponsor_resolved,,issuer-published transaction list,https://phoenixida.com/bond-financing-process/bond-transactions/,2026-09-10
Phoenix Industrial Development Authority,Mar-2015,"BASIS Schools, Inc. - Flagstaff","1700 N. Gemini Dr., Flagstaff, AZ",AZ,7700000,education,Y,unknown_until_sponsor_resolved,,issuer-published transaction list,https://phoenixida.com/bond-financing-process/bond-transactions/,2026-09-10
Phoenix Industrial Development Authority,Mar-2015,"BASIS Schools, Inc. - Chandler","1800 E. Chandler Blvd., Chandler, AZ",AZ,7300000,education,Y,unknown_until_sponsor_resolved,,issuer-published transaction list,https://phoenixida.com/bond-financing-process/bond-transactions/,2026-09-10
Phoenix Industrial Development Authority,Mar-2015,Girl Scouts-Arizona Cactus-Pine Council,"1611 E. Dobbins Rd., Phoenix, AZ",AZ,10000000,unknown,Y,unknown_until_sponsor_resolved,,issuer-published transaction list,https://phoenixida.com/bond-financing-process/bond-transactions/,2026-09-10
Phoenix Industrial Development Authority,Dec-2014,"Guam Facilities Foundation, Inc. Project","Barrigada, Guam",AZ,107400000,unknown,Y,unknown_until_sponsor_resolved,,issuer-published transaction list,https://phoenixida.com/bond-financing-process/bond-transactions/,2026-09-10
Phoenix Industrial Development Authority,Nov-2014,Veterans Assisted Living YumaX,"2600 S. 4th Ave., Yuma, AZ",AZ,12900000,housing,Y,unknown_until_sponsor_resolved,,issuer-published transaction list,https://phoenixida.com/bond-financing-process/bond-transactions/,2026-09-10
Phoenix Industrial Development Authority,Oct-2014,Great Hearts Academies - Chandler Preparatory Academy/Archway Classical,"XAcademy - Chandler 1951 N. Alma School Rd., Chandler, AZ",AZ,9800000,education,Y,unknown_until_sponsor_resolved,,issuer-published transaction list,https://phoenixida.com/bond-financing-process/bond-transactions/,2026-09-10
Phoenix Industrial Development Authority,Oct-2014,Great Hearts Academies - Arete Preparatory Academy/Archway Classical,"Academy - Arete 4525 E. Baseline Rd., Gilbert, AZ",AZ,16800000,education,Y,unknown_until_sponsor_resolved,,issuer-published transaction list,https://phoenixida.com/bond-financing-process/bond-transactions/,2026-09-10
Phoenix Industrial Development Authority,Oct-2014,Great Hearts Academies - Cicero Preparatory Academy/Archway Classical,"XAcademy - Cicero 7205 N. Pima Rd., Scottsdale, AZ",AZ,16200000,education,Y,unknown_until_sponsor_resolved,,issuer-published transaction list,https://phoenixida.com/bond-financing-process/bond-transactions/,2026-09-10
Phoenix Industrial Development Authority,Oct-2014,Great Hearts Academies - Trivium Preparatory Academy/Archway Classical,"Academy - Trivium 2001 N. Bullard Ave., Goodyear, AZ",AZ,20200000,education,Y,unknown_until_sponsor_resolved,,issuer-published transaction list,https://phoenixida.com/bond-financing-process/bond-transactions/,2026-09-10
Phoenix Industrial Development Authority,Oct-2014,Great Hearts Academies - Lincoln Preparatory Academy/Archway Classical,"XAcademy - Lincoln 2250 S. Gilbert Rd., Chandler, AZ",AZ,17100000,education,Y,unknown_until_sponsor_resolved,,issuer-published transaction list,https://phoenixida.com/bond-financing-process/bond-transactions/,2026-09-10
Phoenix Industrial Development Authority,Aug-2014,Hill N Dell Apartments,"502 N. 51st St., Phoenix, AZ",AZ,8700000,housing,Y,unknown_until_sponsor_resolved,,issuer-published transaction list,https://phoenixida.com/bond-financing-process/bond-transactions/,2026-09-10
Phoenix Industrial Development Authority,May-2014,Mayo Clinic Arizona                                     X0A24H,"5777 E. Mayo Boulevard, Phoenix, AZ",AZ,180000000,healthcare,Y,unknown_until_sponsor_resolved,,issuer-published transaction list,https://phoenixida.com/bond-financing-process/bond-transactions/,2026-09-10
Phoenix Industrial Development Authority,May-2014,Legacy Traditional School - Avondale                                     X0A17H,"12320 W. Van Buren St., Avondale, AZ",AZ,17900000,education,Y,unknown_until_sponsor_resolved,,issuer-published transaction list,https://phoenixida.com/bond-financing-process/bond-transactions/,2026-09-10
Phoenix Industrial Development Authority,May-2014,Legacy Traditional School - Chandler                                     X0A18H,"3201 S. Gilbert Rd., Chandler, AZ",AZ,21100000,education,Y,unknown_until_sponsor_resolved,,issuer-published transaction list,https://phoenixida.com/bond-financing-process/bond-transactions/,2026-09-10
Phoenix Industrial Development Authority,May-2014,Legacy Traditional School - Laveen                                     A20HX196,"7900 S. 43rd Ave., Laveen, AZ",AZ,15100000,education,Y,unknown_until_sponsor_resolved,,issuer-published transaction list,https://phoenixida.com/bond-financing-process/bond-transactions/,2026-09-10
Phoenix Industrial Development Authority,May-2014,Legacy Traditional School - Northwest Tucson                                     X0A23H1,"3500 W. Cortaro Farms Rd., Tucson, AZ",AZ,18900000,education,Y,unknown_until_sponsor_resolved,,issuer-published transaction list,https://phoenixida.com/bond-financing-process/bond-transactions/,2026-09-10
Phoenix Industrial Development Authority,Mar-2014,Arizona Charter Academy,"16011 N. Dysart Rd., Surprise, AZ",AZ,11600000,education,Y,unknown_until_sponsor_resolved,,issuer-published transaction list,https://phoenixida.com/bond-financing-process/bond-transactions/,2026-09-10
Phoenix Industrial Development Authority,Mar-2014,BASIS - San Antonio North,"318 E. Ramsey Rd., San Antonio, TX",TX,9600000,education,Y,unknown_until_sponsor_resolved,,issuer-published transaction list,https://phoenixida.com/bond-financing-process/bond-transactions/,2026-09-10
Phoenix Industrial Development Authority,Feb-2014,BASIS - Prescott,"1901 Prescott Lakes Pkwy., Prescott, AZ",AZ,9000000,education,Y,unknown_until_sponsor_resolved,,issuer-published transaction list,https://phoenixida.com/bond-financing-process/bond-transactions/,2026-09-10
Phoenix Industrial Development Authority,Jan-2014,Arizona Christian University,"2625 E. Cactus Rd., Phoenix, AZ",AZ,10000000,education,Y,unknown_until_sponsor_resolved,,issuer-published transaction list,https://phoenixida.com/bond-financing-process/bond-transactions/,2026-09-10
Phoenix Industrial Development Authority,Dec-2013,BASIS - Oro Valley,"11129 N. Oracle Rd., Oro Valley, AZ",AZ,8300000,education,Y,unknown_until_sponsor_resolved,,issuer-published transaction list,https://phoenixida.com/bond-financing-process/bond-transactions/,2026-09-10
Phoenix Industrial Development Authority,Dec-2013,"Candeo Schools, Inc.","9965 W. Calle Lejos, Peoria, AZ",AZ,11000000,education,Y,unknown_until_sponsor_resolved,,issuer-published transaction list,https://phoenixida.com/bond-financing-process/bond-transactions/,2026-09-10
Phoenix Industrial Development Authority,Nov-2013,Great Hearts Academies - Chandler Preparatory Academy/Archway Classical H,"Academy - Chandler 1951 N. Alma School Rd., Chandler, AZ",AZ,9100000,education,Y,unknown_until_sponsor_resolved,,issuer-published transaction list,https://phoenixida.com/bond-financing-process/bond-transactions/,2026-09-10
Phoenix Industrial Development Authority,Nov-2013,Great Hearts Academies - Arete Preparatory,"Academy/Archway Classical Academy - Arete 4525 E. Baseline Rd., Gilbert, AZ",AZ,15400000,education,Y,unknown_until_sponsor_resolved,,issuer-published transaction list,https://phoenixida.com/bond-financing-process/bond-transactions/,2026-09-10
Phoenix Industrial Development Authority,Nov-2013,Great Hearts Academies - Cicero,"Preparatory Academy/Archway Classical Academy - Cicero 7205 N. Pima Rd., Scottsdale, AZ",AZ,14900000,education,Y,unknown_until_sponsor_resolved,,issuer-published transaction list,https://phoenixida.com/bond-financing-process/bond-transactions/,2026-09-10
Phoenix Industrial Development Authority,Sep-2013,George Gervin Prep Academy – San Antonio,"6944 S. Sunbelt Dr., San Antonio, TX",TX,8100000,education,Y,unknown_until_sponsor_resolved,,issuer-published transaction list,https://phoenixida.com/bond-financing-process/bond-transactions/,2026-09-10
Phoenix Industrial Development Authority,Jul-2013,Paradise Shadows Apartments,"16035 N. 27th St., Phoenix, AZ",AZ,4100000,housing,Y,unknown_until_sponsor_resolved,,issuer-published transaction list,https://phoenixida.com/bond-financing-process/bond-transactions/,2026-09-10
Phoenix Industrial Development Authority,Jul-2013,George Gervin Prep Academy – Phoenix,"2801 E. Southern Ave., Phoenix, AZ",AZ,4300000,education,Y,unknown_until_sponsor_resolved,,issuer-published transaction list,https://phoenixida.com/bond-financing-process/bond-transactions/,2026-09-10
Phoenix Industrial Development Authority,May-2013,BASIS - Mesa,"5010 S. Eastmark Pkwy., Mesa, AZ",AZ,7800000,education,Y,unknown_until_sponsor_resolved,,issuer-published transaction list,https://phoenixida.com/bond-financing-process/bond-transactions/,2026-09-10
Phoenix Industrial Development Authority,Apr-2013,"Vieste SPE, LLC","11480 W. Glendale Ave., Glendale, AZ",AZ,28900000,unknown,Y,unknown_until_sponsor_resolved,,issuer-published transaction list,https://phoenixida.com/bond-financing-process/bond-transactions/,2026-09-10
Phoenix Industrial Development Authority,Apr-2013,BASIS - San Antonio,"8519 Floyd Curl Dr., San Antonio, TX",TX,9300000,education,Y,unknown_until_sponsor_resolved,,issuer-published transaction list,https://phoenixida.com/bond-financing-process/bond-transactions/,2026-09-10
Phoenix Industrial Development Authority,Feb-2013,EAGLE College Preparatory,"2450 W. South Mountain Ave., Phoenix, AZ",AZ,10300000,education,Y,unknown_until_sponsor_resolved,,issuer-published transaction list,https://phoenixida.com/bond-financing-process/bond-transactions/,2026-09-10
Phoenix Industrial Development Authority,Feb-2013,BASIS - AhwatukeeX,"10210 S. 50th Pl., Phoenix, AZ",AZ,8800000,education,Y,unknown_until_sponsor_resolved,,issuer-published transaction list,https://phoenixida.com/bond-financing-process/bond-transactions/,2026-09-10
Phoenix Industrial Development Authority,Jan-2013,Republic ServicesA1,"(7 projects in 5 states [Georgia, Illinois, Indiana, Nevada and So. Carolina])",AZ,155100000,unknown,Y,unknown_until_sponsor_resolved,,issuer-published transaction list,https://phoenixida.com/bond-financing-process/bond-transactions/,2026-09-10
Phoenix Industrial Development Authority,Dec-2012,KIPP Tech Valley Charter School,"1 Dudley Heights, Albany, NY",NY,8400000,education,Y,unknown_until_sponsor_resolved,,issuer-published transaction list,https://phoenixida.com/bond-financing-process/bond-transactions/,2026-09-10
Phoenix Industrial Development Authority,Dec-2012,Higley Unified School District,"1100 S. Recker Rd., Gilbert, AZ 18655 E. Jacaranda Blvd., Queen Creek, AZ",AZ,69300000,education,Y,unknown_until_sponsor_resolved,,issuer-published transaction list,https://phoenixida.com/bond-financing-process/bond-transactions/,2026-09-10
Phoenix Industrial Development Authority,Nov-2012,Great Hearts Academies - Glendale,"Preparatory Academy 23276 N. 83rd Ave., Peoria, AZ",AZ,12600000,education,Y,unknown_until_sponsor_resolved,,issuer-published transaction list,https://phoenixida.com/bond-financing-process/bond-transactions/,2026-09-10
Phoenix Industrial Development Authority,Nov-2012,Phoenix Collegiate Academy,"5610 S. Central Ave., Phoenix, AZ",AZ,2000000,education,Y,unknown_until_sponsor_resolved,,issuer-published transaction list,https://phoenixida.com/bond-financing-process/bond-transactions/,2026-09-10
Phoenix Industrial Development Authority,Nov-2012,Phoenix Collegiate Academy,"4445 S. 12th St., Phoenix, AZ",AZ,3300000,education,Y,unknown_until_sponsor_resolved,,issuer-published transaction list,https://phoenixida.com/bond-financing-process/bond-transactions/,2026-09-10
Phoenix Industrial Development Authority,Oct-2012,Adams Traditional Academy,"2323 W. Parkside Ln., Phoenix, AZ",AZ,15900000,education,Y,unknown_until_sponsor_resolved,,issuer-published transaction list,https://phoenixida.com/bond-financing-process/bond-transactions/,2026-09-10
Phoenix Industrial Development Authority,Aug-2012,George Gervin Prep Academy – Phoenix,"2801 E. Southern Ave., Phoenix, AZ",AZ,1700000,education,Y,unknown_until_sponsor_resolved,,issuer-published transaction list,https://phoenixida.com/bond-financing-process/bond-transactions/,2026-09-10
Phoenix Industrial Development Authority,Jun-2012,Rowan University,"Rowan Boulevard, Glassboro, NJ",NJ,182100000,education,Y,unknown_until_sponsor_resolved,,issuer-published transaction list,https://phoenixida.com/bond-financing-process/bond-transactions/,2026-09-10
Phoenix Industrial Development Authority,Mar-2012,Brighter Choice Charter Schools for Boys/Girls,"395 Elk St., Albany, NY",NY,15100000,education,Y,unknown_until_sponsor_resolved,,issuer-published transaction list,https://phoenixida.com/bond-financing-process/bond-transactions/,2026-09-10
Phoenix Industrial Development Authority,Jan-2012,Great Hearts Academies - Veritas,"Preparatory Academy 3102 N. 56th St., Phoenix, AZ",AZ,16400000,education,Y,unknown_until_sponsor_resolved,,issuer-published transaction list,https://phoenixida.com/bond-financing-process/bond-transactions/,2026-09-10
Phoenix Industrial Development Authority,Dec-2011,City and Country School,"146 W. 13th St., New York, NY",NY,17200000,education,Y,unknown_until_sponsor_resolved,,issuer-published transaction list,https://phoenixida.com/bond-financing-process/bond-transactions/,2026-09-10
Phoenix Industrial Development Authority,Dec-2011,Marcos de Niza Apartments,"305 W. Pima St., Phoenix, AZ",AZ,13600000,housing,Y,unknown_until_sponsor_resolved,,issuer-published transaction list,https://phoenixida.com/bond-financing-process/bond-transactions/,2026-09-10
Phoenix Industrial Development Authority,Sep-2011,Riverdale Country School,"5250 Fieldston Rd., Bronx, NY",NY,24100000,education,Y,unknown_until_sponsor_resolved,,issuer-published transaction list,https://phoenixida.com/bond-financing-process/bond-transactions/,2026-09-10
Phoenix Industrial Development Authority,May-2011,Arizona School for the Arts,"1410 N. 3rd St., Phoenix, AZ",AZ,8800000,education,Y,unknown_until_sponsor_resolved,,issuer-published transaction list,https://phoenixida.com/bond-financing-process/bond-transactions/,2026-09-10
Phoenix Industrial Development Authority,Dec-2010,Nightingale-Bamford School,"East 92nd St., New York, NY",NY,15000000,education,Y,unknown_until_sponsor_resolved,,issuer-published transaction list,https://phoenixida.com/bond-financing-process/bond-transactions/,2026-09-10
Phoenix Industrial Development Authority,Dec-2010,Friends Seminary SchoolX,"222 E. 16th St., New York, NY",NY,25500000,education,Y,unknown_until_sponsor_resolved,,issuer-published transaction list,https://phoenixida.com/bond-financing-process/bond-transactions/,2026-09-10
Phoenix Industrial Development Authority,Mar-2010,EAGLE College PreparatoryX,"2450 W. South Mountain Ave., Phoenix, AZ",AZ,7000000,education,Y,unknown_until_sponsor_resolved,,issuer-published transaction list,https://phoenixida.com/bond-financing-process/bond-transactions/,2026-09-10
Phoenix Industrial Development Authority,Mar-2010,Dunn-Edwards Corporation                                                                                  X0,"520 S. 67th Ave., Phoenix, AZ",AZ,7500000,unknown,Y,unknown_until_sponsor_resolved,,issuer-published transaction list,https://phoenixida.com/bond-financing-process/bond-transactions/,2026-09-10
Phoenix Industrial Development Authority,Jan-2010,W.L. Gore & Associates,"32212 N. Valley Pkwy., Phoenix, AZ",AZ,30000000,unknown,Y,unknown_until_sponsor_resolved,,issuer-published transaction list,https://phoenixida.com/bond-financing-process/bond-transactions/,2026-09-10
Phoenix Industrial Development Authority,Dec-2009,Career Success Schools,"3817 N. 27th. Ave., Phoenix, AZ 3120 N. 32nd St., Phoenix, AZ",AZ,11200000,education,Y,unknown_until_sponsor_resolved,,issuer-published transaction list,https://phoenixida.com/bond-financing-process/bond-transactions/,2026-09-10
Phoenix Industrial Development Authority,Mar-2009,ACCEL,"10251 N. 35th Ave., Phoenix, AZ 1430 E. Baseline Rd., Tempe, AZ",AZ,3200000,unknown,Y,unknown_until_sponsor_resolved,,issuer-published transaction list,https://phoenixida.com/bond-financing-process/bond-transactions/,2026-09-10
